CREATE TABLE IF NOT EXISTS "account_emailaddress" ("id" integer NOT NULL PRIMARY KEY AUTOINCREMENT, "verified" bool NOT NULL, "primary" bool NOT NULL, "user_id" integer NOT NULL REFERENCES "auth_user" ("id") DEFERRABLE INITIALLY DEFERRED, "email" varchar(254) NOT NULL);
INSERT INTO "account_emailaddress" VALUES(1,1,1,4,'victoriavladimirskaya@gmail.com');
INSERT INTO "account_emailaddress" VALUES(3,0,1,6,'test2@mail.com');
INSERT INTO "account_emailaddress" VALUES(4,0,1,7,'test3@mail.com');
INSERT INTO "account_emailaddress" VALUES(5,0,1,8,'test4@mail.com');
INSERT INTO "account_emailaddress" VALUES(6,0,1,9,'test5@mail.com');
INSERT INTO "account_emailaddress" VALUES(7,0,1,10,'test1@mail.com');
CREATE UNIQUE INDEX "auth_group_permissions_group_id_permission_id_0cd325b0_uniq" ON "auth_group_permissions" ("group_id", "permission_id");
CREATE INDEX IF NOT EXISTS "auth_group_permissions_group_id_b120cbf9" ON "auth_group_permissions" ("group_id");
CREATE INDEX IF NOT EXISTS "auth_group_permissions_permission_id_84c5c92e" ON "auth_group_permissions" ("permission_id");
CREATE UNIQUE INDEX "auth_user_groups_user_id_group_id_94350c0c_uniq" ON "auth_user_groups" ("user_id", "group_id");
CREATE INDEX IF NOT EXISTS "auth_user_groups_user_id_6a12ed8b" ON "auth_user_groups" ("user_id");
CREATE INDEX IF NOT EXISTS "auth_user_groups_group_id_97559544" ON "auth_user_groups" ("group_id");
CREATE UNIQUE INDEX "auth_user_user_permissions_user_id_permission_id_14a6b632_uniq" ON "auth_user_user_permissions" ("user_id", "permission_id");
CREATE INDEX IF NOT EXISTS "auth_user_user_permissions_user_id_a95ead1b" ON "auth_user_user_permissions" ("user_id");
CREATE INDEX IF NOT EXISTS "auth_user_user_permissions_permission_id_1fbb5f2c" ON "auth_user_user_permissions" ("permission_id");
CREATE INDEX IF NOT EXISTS "django_admin_log_content_type_id_c4bce8eb" ON "django_admin_log" ("content_type_id");
CREATE INDEX IF NOT EXISTS "django_admin_log_user_id_c564eba6" ON "django_admin_log" ("user_id");
CREATE UNIQUE INDEX "django_content_type_app_label_model_76bd3d3b_uniq" ON "django_content_type" ("app_label", "model");
CREATE UNIQUE INDEX "auth_permission_content_type_id_codename_01ab375a_uniq" ON "auth_permission" ("content_type_id", "codename");
CREATE INDEX IF NOT EXISTS "auth_permission_content_type_id_2f476e4b" ON "auth_permission" ("content_type_id");
CREATE INDEX IF NOT EXISTS "news_postcategory_fromCategory_id_abb9ca00" ON "news_postcategory" ("fromCategory_id");
CREATE INDEX IF NOT EXISTS "news_postcategory_fromPost_id_f1c38b44" ON "news_postcategory" ("fromPost_id");
CREATE INDEX IF NOT EXISTS "news_post_postAuthor_id_6a5dd7ff" ON "news_post" ("postAuthor_id");
CREATE INDEX IF NOT EXISTS "django_session_expire_date_a5c62663" ON "django_session" ("expire_date");
CREATE INDEX IF NOT EXISTS "news_comment_commentForPost_id_cab419c4" ON "news_comment" ("commentForPost_id");
CREATE INDEX IF NOT EXISTS "news_comment_commentUser_id_2d5f39b8" ON "news_comment" ("commentUser_id");
CREATE INDEX IF NOT EXISTS "django_flatpage_url_41612362" ON "django_flatpage" ("url");
CREATE UNIQUE INDEX "django_flatpage_sites_flatpage_id_site_id_0d29d9d1_uniq" ON "django_flatpage_sites" ("flatpage_id", "site_id");
CREATE INDEX IF NOT EXISTS "django_flatpage_sites_flatpage_id_078bbc8b" ON "django_flatpage_sites" ("flatpage_id");
CREATE INDEX IF NOT EXISTS "django_flatpage_sites_site_id_bfd8ea84" ON "django_flatpage_sites" ("site_id");
CREATE INDEX IF NOT EXISTS "account_emailconfirmation_email_address_id_5b7f8c58" ON "account_emailconfirmation" ("email_address_id");
CREATE UNIQUE INDEX "account_emailaddress_user_id_email_987c8728_uniq" ON "account_emailaddress" ("user_id", "email");
CREATE UNIQUE INDEX "unique_verified_email" ON "account_emailaddress" ("email") WHERE "verified";
CREATE INDEX IF NOT EXISTS "account_emailaddress_user_id_2c513194" ON "account_emailaddress" ("user_id");
CREATE INDEX IF NOT EXISTS "account_emailaddress_upper" ON "account_emailaddress" ((UPPER("email")));
CREATE UNIQUE INDEX "socialaccount_socialapp_sites_socialapp_id_site_id_71a9a768_uniq" ON "socialaccount_socialapp_sites" ("socialapp_id", "site_id");
CREATE INDEX IF NOT EXISTS "socialaccount_socialapp_sites_socialapp_id_97fb6e7d" ON "socialaccount_socialapp_sites" ("socialapp_id");
CREATE INDEX IF NOT EXISTS "socialaccount_socialapp_sites_site_id_2579dee5" ON "socialaccount_socialapp_sites" ("site_id");
CREATE UNIQUE INDEX "socialaccount_socialaccount_provider_uid_fc810c6e_uniq" ON "socialaccount_socialaccount" ("provider", "uid");
CREATE INDEX IF NOT EXISTS "socialaccount_socialaccount_user_id_8146e70c" ON "socialaccount_socialaccount" ("user_id");
CREATE UNIQUE INDEX "socialaccount_socialtoken_app_id_account_id_fca4e0ac_uniq" ON "socialaccount_socialtoken" ("app_id", "account_id");
CREATE INDEX IF NOT EXISTS "socialaccount_socialtoken_account_id_951f210e" ON "socialaccount_socialtoken" ("account_id");
CREATE INDEX IF NOT EXISTS "socialaccount_socialtoken_app_id_636a42d7" ON "socialaccount_socialtoken" ("app_id");
CREATE TABLE IF NOT EXISTS "account_emailconfirmation" ("id" integer NOT NULL PRIMARY KEY AUTOINCREMENT, "created" datetime NOT NULL, "sent" datetime NULL, "key" varchar(64) NOT NULL UNIQUE, "email_address_id" integer NOT NULL REFERENCES "account_emailaddress" ("id") DEFERRABLE INITIALLY DEFERRED);
CREATE UNIQUE INDEX "auth_group_permissions_group_id_permission_id_0cd325b0_uniq" ON "auth_group_permissions" ("group_id", "permission_id");
CREATE INDEX IF NOT EXISTS "auth_group_permissions_group_id_b120cbf9" ON "auth_group_permissions" ("group_id");
CREATE INDEX IF NOT EXISTS "auth_group_permissions_permission_id_84c5c92e" ON "auth_group_permissions" ("permission_id");
CREATE UNIQUE INDEX "auth_user_groups_user_id_group_id_94350c0c_uniq" ON "auth_user_groups" ("user_id", "group_id");
CREATE INDEX IF NOT EXISTS "auth_user_groups_user_id_6a12ed8b" ON "auth_user_groups" ("user_id");
CREATE INDEX IF NOT EXISTS "auth_user_groups_group_id_97559544" ON "auth_user_groups" ("group_id");
CREATE UNIQUE INDEX "auth_user_user_permissions_user_id_permission_id_14a6b632_uniq" ON "auth_user_user_permissions" ("user_id", "permission_id");
CREATE INDEX IF NOT EXISTS "auth_user_user_permissions_user_id_a95ead1b" ON "auth_user_user_permissions" ("user_id");
CREATE INDEX IF NOT EXISTS "auth_user_user_permissions_permission_id_1fbb5f2c" ON "auth_user_user_permissions" ("permission_id");
CREATE INDEX IF NOT EXISTS "django_admin_log_content_type_id_c4bce8eb" ON "django_admin_log" ("content_type_id");
CREATE INDEX IF NOT EXISTS "django_admin_log_user_id_c564eba6" ON "django_admin_log" ("user_id");
CREATE UNIQUE INDEX "django_content_type_app_label_model_76bd3d3b_uniq" ON "django_content_type" ("app_label", "model");
CREATE UNIQUE INDEX "auth_permission_content_type_id_codename_01ab375a_uniq" ON "auth_permission" ("content_type_id", "codename");
CREATE INDEX IF NOT EXISTS "auth_permission_content_type_id_2f476e4b" ON "auth_permission" ("content_type_id");
CREATE INDEX IF NOT EXISTS "news_postcategory_fromCategory_id_abb9ca00" ON "news_postcategory" ("fromCategory_id");
CREATE INDEX IF NOT EXISTS "news_postcategory_fromPost_id_f1c38b44" ON "news_postcategory" ("fromPost_id");
CREATE INDEX IF NOT EXISTS "news_post_postAuthor_id_6a5dd7ff" ON "news_post" ("postAuthor_id");
CREATE INDEX IF NOT EXISTS "django_session_expire_date_a5c62663" ON "django_session" ("expire_date");
CREATE INDEX IF NOT EXISTS "news_comment_commentForPost_id_cab419c4" ON "news_comment" ("commentForPost_id");
CREATE INDEX IF NOT EXISTS "news_comment_commentUser_id_2d5f39b8" ON "news_comment" ("commentUser_id");
CREATE INDEX IF NOT EXISTS "django_flatpage_url_41612362" ON "django_flatpage" ("url");
CREATE UNIQUE INDEX "django_flatpage_sites_flatpage_id_site_id_0d29d9d1_uniq" ON "django_flatpage_sites" ("flatpage_id", "site_id");
CREATE INDEX IF NOT EXISTS "django_flatpage_sites_flatpage_id_078bbc8b" ON "django_flatpage_sites" ("flatpage_id");
CREATE INDEX IF NOT EXISTS "django_flatpage_sites_site_id_bfd8ea84" ON "django_flatpage_sites" ("site_id");
CREATE INDEX IF NOT EXISTS "account_emailconfirmation_email_address_id_5b7f8c58" ON "account_emailconfirmation" ("email_address_id");
CREATE UNIQUE INDEX "account_emailaddress_user_id_email_987c8728_uniq" ON "account_emailaddress" ("user_id", "email");
CREATE UNIQUE INDEX "unique_verified_email" ON "account_emailaddress" ("email") WHERE "verified";
CREATE INDEX IF NOT EXISTS "account_emailaddress_user_id_2c513194" ON "account_emailaddress" ("user_id");
CREATE INDEX IF NOT EXISTS "account_emailaddress_upper" ON "account_emailaddress" ((UPPER("email")));
CREATE UNIQUE INDEX "socialaccount_socialapp_sites_socialapp_id_site_id_71a9a768_uniq" ON "socialaccount_socialapp_sites" ("socialapp_id", "site_id");
CREATE INDEX IF NOT EXISTS "socialaccount_socialapp_sites_socialapp_id_97fb6e7d" ON "socialaccount_socialapp_sites" ("socialapp_id");
CREATE INDEX IF NOT EXISTS "socialaccount_socialapp_sites_site_id_2579dee5" ON "socialaccount_socialapp_sites" ("site_id");
CREATE UNIQUE INDEX "socialaccount_socialaccount_provider_uid_fc810c6e_uniq" ON "socialaccount_socialaccount" ("provider", "uid");
CREATE INDEX IF NOT EXISTS "socialaccount_socialaccount_user_id_8146e70c" ON "socialaccount_socialaccount" ("user_id");
CREATE UNIQUE INDEX "socialaccount_socialtoken_app_id_account_id_fca4e0ac_uniq" ON "socialaccount_socialtoken" ("app_id", "account_id");
CREATE INDEX IF NOT EXISTS "socialaccount_socialtoken_account_id_951f210e" ON "socialaccount_socialtoken" ("account_id");
CREATE INDEX IF NOT EXISTS "socialaccount_socialtoken_app_id_636a42d7" ON "socialaccount_socialtoken" ("app_id");
CREATE TABLE IF NOT EXISTS "auth_group" ("id" integer NOT NULL PRIMARY KEY AUTOINCREMENT, "name" varchar(150) NOT NULL UNIQUE);
INSERT INTO "auth_group" VALUES(1,'common');
INSERT INTO "auth_group" VALUES(2,'authors');
CREATE UNIQUE INDEX "auth_group_permissions_group_id_permission_id_0cd325b0_uniq" ON "auth_group_permissions" ("group_id", "permission_id");
CREATE INDEX IF NOT EXISTS "auth_group_permissions_group_id_b120cbf9" ON "auth_group_permissions" ("group_id");
CREATE INDEX IF NOT EXISTS "auth_group_permissions_permission_id_84c5c92e" ON "auth_group_permissions" ("permission_id");
CREATE UNIQUE INDEX "auth_user_groups_user_id_group_id_94350c0c_uniq" ON "auth_user_groups" ("user_id", "group_id");
CREATE INDEX IF NOT EXISTS "auth_user_groups_user_id_6a12ed8b" ON "auth_user_groups" ("user_id");
CREATE INDEX IF NOT EXISTS "auth_user_groups_group_id_97559544" ON "auth_user_groups" ("group_id");
CREATE UNIQUE INDEX "auth_user_user_permissions_user_id_permission_id_14a6b632_uniq" ON "auth_user_user_permissions" ("user_id", "permission_id");
CREATE INDEX IF NOT EXISTS "auth_user_user_permissions_user_id_a95ead1b" ON "auth_user_user_permissions" ("user_id");
CREATE INDEX IF NOT EXISTS "auth_user_user_permissions_permission_id_1fbb5f2c" ON "auth_user_user_permissions" ("permission_id");
CREATE INDEX IF NOT EXISTS "django_admin_log_content_type_id_c4bce8eb" ON "django_admin_log" ("content_type_id");
CREATE INDEX IF NOT EXISTS "django_admin_log_user_id_c564eba6" ON "django_admin_log" ("user_id");
CREATE UNIQUE INDEX "django_content_type_app_label_model_76bd3d3b_uniq" ON "django_content_type" ("app_label", "model");
CREATE UNIQUE INDEX "auth_permission_content_type_id_codename_01ab375a_uniq" ON "auth_permission" ("content_type_id", "codename");
CREATE INDEX IF NOT EXISTS "auth_permission_content_type_id_2f476e4b" ON "auth_permission" ("content_type_id");
CREATE INDEX IF NOT EXISTS "news_postcategory_fromCategory_id_abb9ca00" ON "news_postcategory" ("fromCategory_id");
CREATE INDEX IF NOT EXISTS "news_postcategory_fromPost_id_f1c38b44" ON "news_postcategory" ("fromPost_id");
CREATE INDEX IF NOT EXISTS "news_post_postAuthor_id_6a5dd7ff" ON "news_post" ("postAuthor_id");
CREATE INDEX IF NOT EXISTS "django_session_expire_date_a5c62663" ON "django_session" ("expire_date");
CREATE INDEX IF NOT EXISTS "news_comment_commentForPost_id_cab419c4" ON "news_comment" ("commentForPost_id");
CREATE INDEX IF NOT EXISTS "news_comment_commentUser_id_2d5f39b8" ON "news_comment" ("commentUser_id");
CREATE INDEX IF NOT EXISTS "django_flatpage_url_41612362" ON "django_flatpage" ("url");
CREATE UNIQUE INDEX "django_flatpage_sites_flatpage_id_site_id_0d29d9d1_uniq" ON "django_flatpage_sites" ("flatpage_id", "site_id");
CREATE INDEX IF NOT EXISTS "django_flatpage_sites_flatpage_id_078bbc8b" ON "django_flatpage_sites" ("flatpage_id");
CREATE INDEX IF NOT EXISTS "django_flatpage_sites_site_id_bfd8ea84" ON "django_flatpage_sites" ("site_id");
CREATE INDEX IF NOT EXISTS "account_emailconfirmation_email_address_id_5b7f8c58" ON "account_emailconfirmation" ("email_address_id");
CREATE UNIQUE INDEX "account_emailaddress_user_id_email_987c8728_uniq" ON "account_emailaddress" ("user_id", "email");
CREATE UNIQUE INDEX "unique_verified_email" ON "account_emailaddress" ("email") WHERE "verified";
CREATE INDEX IF NOT EXISTS "account_emailaddress_user_id_2c513194" ON "account_emailaddress" ("user_id");
CREATE INDEX IF NOT EXISTS "account_emailaddress_upper" ON "account_emailaddress" ((UPPER("email")));
CREATE UNIQUE INDEX "socialaccount_socialapp_sites_socialapp_id_site_id_71a9a768_uniq" ON "socialaccount_socialapp_sites" ("socialapp_id", "site_id");
CREATE INDEX IF NOT EXISTS "socialaccount_socialapp_sites_socialapp_id_97fb6e7d" ON "socialaccount_socialapp_sites" ("socialapp_id");
CREATE INDEX IF NOT EXISTS "socialaccount_socialapp_sites_site_id_2579dee5" ON "socialaccount_socialapp_sites" ("site_id");
CREATE UNIQUE INDEX "socialaccount_socialaccount_provider_uid_fc810c6e_uniq" ON "socialaccount_socialaccount" ("provider", "uid");
CREATE INDEX IF NOT EXISTS "socialaccount_socialaccount_user_id_8146e70c" ON "socialaccount_socialaccount" ("user_id");
CREATE UNIQUE INDEX "socialaccount_socialtoken_app_id_account_id_fca4e0ac_uniq" ON "socialaccount_socialtoken" ("app_id", "account_id");
CREATE INDEX IF NOT EXISTS "socialaccount_socialtoken_account_id_951f210e" ON "socialaccount_socialtoken" ("account_id");
CREATE INDEX IF NOT EXISTS "socialaccount_socialtoken_app_id_636a42d7" ON "socialaccount_socialtoken" ("app_id");
CREATE TABLE IF NOT EXISTS "auth_group_permissions" ("id" integer NOT NULL PRIMARY KEY AUTOINCREMENT, "group_id" integer NOT NULL REFERENCES "auth_group" ("id") DEFERRABLE INITIALLY DEFERRED, "permission_id" integer NOT NULL REFERENCES "auth_permission" ("id") DEFERRABLE INITIALLY DEFERRED);
INSERT INTO "auth_group_permissions" VALUES(1,2,33);
INSERT INTO "auth_group_permissions" VALUES(2,2,34);
INSERT INTO "auth_group_permissions" VALUES(3,2,35);
CREATE UNIQUE INDEX "auth_group_permissions_group_id_permission_id_0cd325b0_uniq" ON "auth_group_permissions" ("group_id", "permission_id");
CREATE INDEX IF NOT EXISTS "auth_group_permissions_group_id_b120cbf9" ON "auth_group_permissions" ("group_id");
CREATE INDEX IF NOT EXISTS "auth_group_permissions_permission_id_84c5c92e" ON "auth_group_permissions" ("permission_id");
CREATE UNIQUE INDEX "auth_user_groups_user_id_group_id_94350c0c_uniq" ON "auth_user_groups" ("user_id", "group_id");
CREATE INDEX IF NOT EXISTS "auth_user_groups_user_id_6a12ed8b" ON "auth_user_groups" ("user_id");
CREATE INDEX IF NOT EXISTS "auth_user_groups_group_id_97559544" ON "auth_user_groups" ("group_id");
CREATE UNIQUE INDEX "auth_user_user_permissions_user_id_permission_id_14a6b632_uniq" ON "auth_user_user_permissions" ("user_id", "permission_id");
CREATE INDEX IF NOT EXISTS "auth_user_user_permissions_user_id_a95ead1b" ON "auth_user_user_permissions" ("user_id");
CREATE INDEX IF NOT EXISTS "auth_user_user_permissions_permission_id_1fbb5f2c" ON "auth_user_user_permissions" ("permission_id");
CREATE INDEX IF NOT EXISTS "django_admin_log_content_type_id_c4bce8eb" ON "django_admin_log" ("content_type_id");
CREATE INDEX IF NOT EXISTS "django_admin_log_user_id_c564eba6" ON "django_admin_log" ("user_id");
CREATE UNIQUE INDEX "django_content_type_app_label_model_76bd3d3b_uniq" ON "django_content_type" ("app_label", "model");
CREATE UNIQUE INDEX "auth_permission_content_type_id_codename_01ab375a_uniq" ON "auth_permission" ("content_type_id", "codename");
CREATE INDEX IF NOT EXISTS "auth_permission_content_type_id_2f476e4b" ON "auth_permission" ("content_type_id");
CREATE INDEX IF NOT EXISTS "news_postcategory_fromCategory_id_abb9ca00" ON "news_postcategory" ("fromCategory_id");
CREATE INDEX IF NOT EXISTS "news_postcategory_fromPost_id_f1c38b44" ON "news_postcategory" ("fromPost_id");
CREATE INDEX IF NOT EXISTS "news_post_postAuthor_id_6a5dd7ff" ON "news_post" ("postAuthor_id");
CREATE INDEX IF NOT EXISTS "django_session_expire_date_a5c62663" ON "django_session" ("expire_date");
CREATE INDEX IF NOT EXISTS "news_comment_commentForPost_id_cab419c4" ON "news_comment" ("commentForPost_id");
CREATE INDEX IF NOT EXISTS "news_comment_commentUser_id_2d5f39b8" ON "news_comment" ("commentUser_id");
CREATE INDEX IF NOT EXISTS "django_flatpage_url_41612362" ON "django_flatpage" ("url");
CREATE UNIQUE INDEX "django_flatpage_sites_flatpage_id_site_id_0d29d9d1_uniq" ON "django_flatpage_sites" ("flatpage_id", "site_id");
CREATE INDEX IF NOT EXISTS "django_flatpage_sites_flatpage_id_078bbc8b" ON "django_flatpage_sites" ("flatpage_id");
CREATE INDEX IF NOT EXISTS "django_flatpage_sites_site_id_bfd8ea84" ON "django_flatpage_sites" ("site_id");
CREATE INDEX IF NOT EXISTS "account_emailconfirmation_email_address_id_5b7f8c58" ON "account_emailconfirmation" ("email_address_id");
CREATE UNIQUE INDEX "account_emailaddress_user_id_email_987c8728_uniq" ON "account_emailaddress" ("user_id", "email");
CREATE UNIQUE INDEX "unique_verified_email" ON "account_emailaddress" ("email") WHERE "verified";
CREATE INDEX IF NOT EXISTS "account_emailaddress_user_id_2c513194" ON "account_emailaddress" ("user_id");
CREATE INDEX IF NOT EXISTS "account_emailaddress_upper" ON "account_emailaddress" ((UPPER("email")));
CREATE UNIQUE INDEX "socialaccount_socialapp_sites_socialapp_id_site_id_71a9a768_uniq" ON "socialaccount_socialapp_sites" ("socialapp_id", "site_id");
CREATE INDEX IF NOT EXISTS "socialaccount_socialapp_sites_socialapp_id_97fb6e7d" ON "socialaccount_socialapp_sites" ("socialapp_id");
CREATE INDEX IF NOT EXISTS "socialaccount_socialapp_sites_site_id_2579dee5" ON "socialaccount_socialapp_sites" ("site_id");
CREATE UNIQUE INDEX "socialaccount_socialaccount_provider_uid_fc810c6e_uniq" ON "socialaccount_socialaccount" ("provider", "uid");
CREATE INDEX IF NOT EXISTS "socialaccount_socialaccount_user_id_8146e70c" ON "socialaccount_socialaccount" ("user_id");
CREATE UNIQUE INDEX "socialaccount_socialtoken_app_id_account_id_fca4e0ac_uniq" ON "socialaccount_socialtoken" ("app_id", "account_id");
CREATE INDEX IF NOT EXISTS "socialaccount_socialtoken_account_id_951f210e" ON "socialaccount_socialtoken" ("account_id");
CREATE INDEX IF NOT EXISTS "socialaccount_socialtoken_app_id_636a42d7" ON "socialaccount_socialtoken" ("app_id");
CREATE TABLE IF NOT EXISTS "auth_permission" ("id" integer NOT NULL PRIMARY KEY AUTOINCREMENT, "content_type_id" integer NOT NULL REFERENCES "django_content_type" ("id") DEFERRABLE INITIALLY DEFERRED, "codename" varchar(100) NOT NULL, "name" varchar(255) NOT NULL);
INSERT INTO "auth_permission" VALUES(1,1,'add_logentry','Can add log entry');
INSERT INTO "auth_permission" VALUES(2,1,'change_logentry','Can change log entry');
INSERT INTO "auth_permission" VALUES(3,1,'delete_logentry','Can delete log entry');
INSERT INTO "auth_permission" VALUES(4,1,'view_logentry','Can view log entry');
INSERT INTO "auth_permission" VALUES(5,2,'add_permission','Can add permission');
INSERT INTO "auth_permission" VALUES(6,2,'change_permission','Can change permission');
INSERT INTO "auth_permission" VALUES(7,2,'delete_permission','Can delete permission');
INSERT INTO "auth_permission" VALUES(8,2,'view_permission','Can view permission');
INSERT INTO "auth_permission" VALUES(9,3,'add_group','Can add group');
INSERT INTO "auth_permission" VALUES(10,3,'change_group','Can change group');
INSERT INTO "auth_permission" VALUES(11,3,'delete_group','Can delete group');
INSERT INTO "auth_permission" VALUES(12,3,'view_group','Can view group');
INSERT INTO "auth_permission" VALUES(13,4,'add_user','Can add user');
INSERT INTO "auth_permission" VALUES(14,4,'change_user','Can change user');
INSERT INTO "auth_permission" VALUES(15,4,'delete_user','Can delete user');
INSERT INTO "auth_permission" VALUES(16,4,'view_user','Can view user');
INSERT INTO "auth_permission" VALUES(17,5,'add_contenttype','Can add content type');
INSERT INTO "auth_permission" VALUES(18,5,'change_contenttype','Can change content type');
INSERT INTO "auth_permission" VALUES(19,5,'delete_contenttype','Can delete content type');
INSERT INTO "auth_permission" VALUES(20,5,'view_contenttype','Can view content type');
INSERT INTO "auth_permission" VALUES(21,6,'add_session','Can add session');
INSERT INTO "auth_permission" VALUES(22,6,'change_session','Can change session');
INSERT INTO "auth_permission" VALUES(23,6,'delete_session','Can delete session');
INSERT INTO "auth_permission" VALUES(24,6,'view_session','Can view session');
INSERT INTO "auth_permission" VALUES(25,7,'add_author','Can add author');
INSERT INTO "auth_permission" VALUES(26,7,'change_author','Can change author');
INSERT INTO "auth_permission" VALUES(27,7,'delete_author','Can delete author');
INSERT INTO "auth_permission" VALUES(28,7,'view_author','Can view author');
INSERT INTO "auth_permission" VALUES(29,8,'add_category','Can add category');
INSERT INTO "auth_permission" VALUES(30,8,'change_category','Can change category');
INSERT INTO "auth_permission" VALUES(31,8,'delete_category','Can delete category');
INSERT INTO "auth_permission" VALUES(32,8,'view_category','Can view category');
INSERT INTO "auth_permission" VALUES(33,9,'add_post','Can add post');
INSERT INTO "auth_permission" VALUES(34,9,'change_post','Can change post');
INSERT INTO "auth_permission" VALUES(35,9,'delete_post','Can delete post');
INSERT INTO "auth_permission" VALUES(36,9,'view_post','Can view post');
INSERT INTO "auth_permission" VALUES(37,10,'add_postcategory','Can add post category');
INSERT INTO "auth_permission" VALUES(38,10,'change_postcategory','Can change post category');
INSERT INTO "auth_permission" VALUES(39,10,'delete_postcategory','Can delete post category');
INSERT INTO "auth_permission" VALUES(40,10,'view_postcategory','Can view post category');
INSERT INTO "auth_permission" VALUES(41,11,'add_comment','Can add comment');
INSERT INTO "auth_permission" VALUES(42,11,'change_comment','Can change comment');
INSERT INTO "auth_permission" VALUES(43,11,'delete_comment','Can delete comment');
INSERT INTO "auth_permission" VALUES(44,11,'view_comment','Can view comment');
INSERT INTO "auth_permission" VALUES(45,12,'add_site','Can add site');
INSERT INTO "auth_permission" VALUES(46,12,'change_site','Can change site');
INSERT INTO "auth_permission" VALUES(47,12,'delete_site','Can delete site');
INSERT INTO "auth_permission" VALUES(48,12,'view_site','Can view site');
INSERT INTO "auth_permission" VALUES(49,13,'add_flatpage','Can add flat page');
INSERT INTO "auth_permission" VALUES(50,13,'change_flatpage','Can change flat page');
INSERT INTO "auth_permission" VALUES(51,13,'delete_flatpage','Can delete flat page');
INSERT INTO "auth_permission" VALUES(52,13,'view_flatpage','Can view flat page');
INSERT INTO "auth_permission" VALUES(53,14,'add_emailaddress','Can add email address');
INSERT INTO "auth_permission" VALUES(54,14,'change_emailaddress','Can change email address');
INSERT INTO "auth_permission" VALUES(55,14,'delete_emailaddress','Can delete email address');
INSERT INTO "auth_permission" VALUES(56,14,'view_emailaddress','Can view email address');
INSERT INTO "auth_permission" VALUES(57,15,'add_emailconfirmation','Can add email confirmation');
INSERT INTO "auth_permission" VALUES(58,15,'change_emailconfirmation','Can change email confirmation');
INSERT INTO "auth_permission" VALUES(59,15,'delete_emailconfirmation','Can delete email confirmation');
INSERT INTO "auth_permission" VALUES(60,15,'view_emailconfirmation','Can view email confirmation');
INSERT INTO "auth_permission" VALUES(61,16,'add_socialaccount','Can add social account');
INSERT INTO "auth_permission" VALUES(62,16,'change_socialaccount','Can change social account');
INSERT INTO "auth_permission" VALUES(63,16,'delete_socialaccount','Can delete social account');
INSERT INTO "auth_permission" VALUES(64,16,'view_socialaccount','Can view social account');
INSERT INTO "auth_permission" VALUES(65,17,'add_socialapp','Can add social application');
INSERT INTO "auth_permission" VALUES(66,17,'change_socialapp','Can change social application');
INSERT INTO "auth_permission" VALUES(67,17,'delete_socialapp','Can delete social application');
INSERT INTO "auth_permission" VALUES(68,17,'view_socialapp','Can view social application');
INSERT INTO "auth_permission" VALUES(69,18,'add_socialtoken','Can add social application token');
INSERT INTO "auth_permission" VALUES(70,18,'change_socialtoken','Can change social application token');
INSERT INTO "auth_permission" VALUES(71,18,'delete_socialtoken','Can delete social application token');
INSERT INTO "auth_permission" VALUES(72,18,'view_socialtoken','Can view social application token');
CREATE UNIQUE INDEX "auth_group_permissions_group_id_permission_id_0cd325b0_uniq" ON "auth_group_permissions" ("group_id", "permission_id");
CREATE INDEX IF NOT EXISTS "auth_group_permissions_group_id_b120cbf9" ON "auth_group_permissions" ("group_id");
CREATE INDEX IF NOT EXISTS "auth_group_permissions_permission_id_84c5c92e" ON "auth_group_permissions" ("permission_id");
CREATE UNIQUE INDEX "auth_user_groups_user_id_group_id_94350c0c_uniq" ON "auth_user_groups" ("user_id", "group_id");
CREATE INDEX IF NOT EXISTS "auth_user_groups_user_id_6a12ed8b" ON "auth_user_groups" ("user_id");
CREATE INDEX IF NOT EXISTS "auth_user_groups_group_id_97559544" ON "auth_user_groups" ("group_id");
CREATE UNIQUE INDEX "auth_user_user_permissions_user_id_permission_id_14a6b632_uniq" ON "auth_user_user_permissions" ("user_id", "permission_id");
CREATE INDEX IF NOT EXISTS "auth_user_user_permissions_user_id_a95ead1b" ON "auth_user_user_permissions" ("user_id");
CREATE INDEX IF NOT EXISTS "auth_user_user_permissions_permission_id_1fbb5f2c" ON "auth_user_user_permissions" ("permission_id");
CREATE INDEX IF NOT EXISTS "django_admin_log_content_type_id_c4bce8eb" ON "django_admin_log" ("content_type_id");
CREATE INDEX IF NOT EXISTS "django_admin_log_user_id_c564eba6" ON "django_admin_log" ("user_id");
CREATE UNIQUE INDEX "django_content_type_app_label_model_76bd3d3b_uniq" ON "django_content_type" ("app_label", "model");
CREATE UNIQUE INDEX "auth_permission_content_type_id_codename_01ab375a_uniq" ON "auth_permission" ("content_type_id", "codename");
CREATE INDEX IF NOT EXISTS "auth_permission_content_type_id_2f476e4b" ON "auth_permission" ("content_type_id");
CREATE INDEX IF NOT EXISTS "news_postcategory_fromCategory_id_abb9ca00" ON "news_postcategory" ("fromCategory_id");
CREATE INDEX IF NOT EXISTS "news_postcategory_fromPost_id_f1c38b44" ON "news_postcategory" ("fromPost_id");
CREATE INDEX IF NOT EXISTS "news_post_postAuthor_id_6a5dd7ff" ON "news_post" ("postAuthor_id");
CREATE INDEX IF NOT EXISTS "django_session_expire_date_a5c62663" ON "django_session" ("expire_date");
CREATE INDEX IF NOT EXISTS "news_comment_commentForPost_id_cab419c4" ON "news_comment" ("commentForPost_id");
CREATE INDEX IF NOT EXISTS "news_comment_commentUser_id_2d5f39b8" ON "news_comment" ("commentUser_id");
CREATE INDEX IF NOT EXISTS "django_flatpage_url_41612362" ON "django_flatpage" ("url");
CREATE UNIQUE INDEX "django_flatpage_sites_flatpage_id_site_id_0d29d9d1_uniq" ON "django_flatpage_sites" ("flatpage_id", "site_id");
CREATE INDEX IF NOT EXISTS "django_flatpage_sites_flatpage_id_078bbc8b" ON "django_flatpage_sites" ("flatpage_id");
CREATE INDEX IF NOT EXISTS "django_flatpage_sites_site_id_bfd8ea84" ON "django_flatpage_sites" ("site_id");
CREATE INDEX IF NOT EXISTS "account_emailconfirmation_email_address_id_5b7f8c58" ON "account_emailconfirmation" ("email_address_id");
CREATE UNIQUE INDEX "account_emailaddress_user_id_email_987c8728_uniq" ON "account_emailaddress" ("user_id", "email");
CREATE UNIQUE INDEX "unique_verified_email" ON "account_emailaddress" ("email") WHERE "verified";
CREATE INDEX IF NOT EXISTS "account_emailaddress_user_id_2c513194" ON "account_emailaddress" ("user_id");
CREATE INDEX IF NOT EXISTS "account_emailaddress_upper" ON "account_emailaddress" ((UPPER("email")));
CREATE UNIQUE INDEX "socialaccount_socialapp_sites_socialapp_id_site_id_71a9a768_uniq" ON "socialaccount_socialapp_sites" ("socialapp_id", "site_id");
CREATE INDEX IF NOT EXISTS "socialaccount_socialapp_sites_socialapp_id_97fb6e7d" ON "socialaccount_socialapp_sites" ("socialapp_id");
CREATE INDEX IF NOT EXISTS "socialaccount_socialapp_sites_site_id_2579dee5" ON "socialaccount_socialapp_sites" ("site_id");
CREATE UNIQUE INDEX "socialaccount_socialaccount_provider_uid_fc810c6e_uniq" ON "socialaccount_socialaccount" ("provider", "uid");
CREATE INDEX IF NOT EXISTS "socialaccount_socialaccount_user_id_8146e70c" ON "socialaccount_socialaccount" ("user_id");
CREATE UNIQUE INDEX "socialaccount_socialtoken_app_id_account_id_fca4e0ac_uniq" ON "socialaccount_socialtoken" ("app_id", "account_id");
CREATE INDEX IF NOT EXISTS "socialaccount_socialtoken_account_id_951f210e" ON "socialaccount_socialtoken" ("account_id");
CREATE INDEX IF NOT EXISTS "socialaccount_socialtoken_app_id_636a42d7" ON "socialaccount_socialtoken" ("app_id");
CREATE TABLE IF NOT EXISTS "auth_user" ("id" integer NOT NULL PRIMARY KEY AUTOINCREMENT, "password" varchar(128) NOT NULL, "last_login" datetime NULL, "is_superuser" bool NOT NULL, "username" varchar(150) NOT NULL UNIQUE, "last_name" varchar(150) NOT NULL, "email" varchar(254) NOT NULL, "is_staff" bool NOT NULL, "is_active" bool NOT NULL, "date_joined" datetime NOT NULL, "first_name" varchar(150) NOT NULL);
INSERT INTO "auth_user" VALUES(1,'pbkdf2_sha256$600000$nLWKSZPzneC4JNWcUM19x2$+SwRkbfQaintqlPlEIOHu6aKfC9nCWCvf0jlSgeAuys=','2023-10-25 03:04:04.191471',0,'User-1','','user1@mail.com',0,1,'2023-10-13 20:10:51','Adam');
INSERT INTO "auth_user" VALUES(2,'pbkdf2_sha256$600000$XEesoo8Z9cqMtZE85wnJck$EK75MwV7GWAnTu9Jsq6MD3u07/9qNeFU1nEuZd8ZVkA=',NULL,0,'User-2','','user2@mail.com',0,1,'2023-10-13 20:11:09','Eva');
INSERT INTO "auth_user" VALUES(3,'pbkdf2_sha256$600000$T94SQWiSxv8Jy3m67WWXdz$OmjYjlcu1N3FZ0Exgp3i0EVmB7+PzVyVP4pcvfosOOE=','2023-10-25 03:13:44.324046',1,'admin','','admin@mail.com',1,1,'2023-10-17 21:10:09','');
INSERT INTO "auth_user" VALUES(4,'!zI0WhR9D8BMjeeNEbXQZoGM3SEOkOvO1sNRZLmAm','2023-10-25 03:01:23.856796',0,'victoria','Vladimirskaya','victoriavladimirskaya@gmail.com',0,1,'2023-10-24 21:39:38','Victoria');
INSERT INTO "auth_user" VALUES(6,'pbkdf2_sha256$600000$yfPIi2DxNYBVPOwQrZUrxN$szaWiiAzsZRurTFJ2xF/sV9BQf7c0Q3VcwPBOeKGofA=','2023-10-25 03:20:34.925405',0,'test2','','test2@mail.com',0,1,'2023-10-25 00:02:21','');
INSERT INTO "auth_user" VALUES(7,'pbkdf2_sha256$600000$BHgK9ru3IUt4eREQMqTtG2$nBXa3hPyf6swPOJpp246OgfgJ6Pf1ilLjG62CrQtD50=','2023-10-25 00:04:24',0,'test3','','test3@mail.com',0,1,'2023-10-25 00:04:23','');
INSERT INTO "auth_user" VALUES(8,'pbkdf2_sha256$600000$CkJfvK3Y2ALv7uaQ9Py8oP$7NNedQKhC8re77pl3uYWQZ0jCdsUBib1hJj4ozeXFCA=','2023-10-25 01:21:38',0,'test4','','test4@mail.com',0,1,'2023-10-25 00:12:09','');
INSERT INTO "auth_user" VALUES(9,'pbkdf2_sha256$600000$eXaA9NqNTX7oelkw6NmkNH$cZp+fbYSSBl+Ze6PeUEft8XyCi3jK/6F4C9mkGICm18=','2023-10-25 03:07:32',0,'test5','','test5@mail.com',0,1,'2023-10-25 03:07:31','');
INSERT INTO "auth_user" VALUES(10,'pbkdf2_sha256$600000$iQDGdrhOOdIrWvBrAXo1tg$cMoKbTPzwq/6c1xOJeVx+JZQcxqDOH6EUersHektmLA=','2023-10-25 03:13:22.944767',0,'test1','','test1@mail.com',0,1,'2023-10-25 03:13:22.207574','');
CREATE UNIQUE INDEX "auth_group_permissions_group_id_permission_id_0cd325b0_uniq" ON "auth_group_permissions" ("group_id", "permission_id");
CREATE INDEX IF NOT EXISTS "auth_group_permissions_group_id_b120cbf9" ON "auth_group_permissions" ("group_id");
CREATE INDEX IF NOT EXISTS "auth_group_permissions_permission_id_84c5c92e" ON "auth_group_permissions" ("permission_id");
CREATE UNIQUE INDEX "auth_user_groups_user_id_group_id_94350c0c_uniq" ON "auth_user_groups" ("user_id", "group_id");
CREATE INDEX IF NOT EXISTS "auth_user_groups_user_id_6a12ed8b" ON "auth_user_groups" ("user_id");
CREATE INDEX IF NOT EXISTS "auth_user_groups_group_id_97559544" ON "auth_user_groups" ("group_id");
CREATE UNIQUE INDEX "auth_user_user_permissions_user_id_permission_id_14a6b632_uniq" ON "auth_user_user_permissions" ("user_id", "permission_id");
CREATE INDEX IF NOT EXISTS "auth_user_user_permissions_user_id_a95ead1b" ON "auth_user_user_permissions" ("user_id");
CREATE INDEX IF NOT EXISTS "auth_user_user_permissions_permission_id_1fbb5f2c" ON "auth_user_user_permissions" ("permission_id");
CREATE INDEX IF NOT EXISTS "django_admin_log_content_type_id_c4bce8eb" ON "django_admin_log" ("content_type_id");
CREATE INDEX IF NOT EXISTS "django_admin_log_user_id_c564eba6" ON "django_admin_log" ("user_id");
CREATE UNIQUE INDEX "django_content_type_app_label_model_76bd3d3b_uniq" ON "django_content_type" ("app_label", "model");
CREATE UNIQUE INDEX "auth_permission_content_type_id_codename_01ab375a_uniq" ON "auth_permission" ("content_type_id", "codename");
CREATE INDEX IF NOT EXISTS "auth_permission_content_type_id_2f476e4b" ON "auth_permission" ("content_type_id");
CREATE INDEX IF NOT EXISTS "news_postcategory_fromCategory_id_abb9ca00" ON "news_postcategory" ("fromCategory_id");
CREATE INDEX IF NOT EXISTS "news_postcategory_fromPost_id_f1c38b44" ON "news_postcategory" ("fromPost_id");
CREATE INDEX IF NOT EXISTS "news_post_postAuthor_id_6a5dd7ff" ON "news_post" ("postAuthor_id");
CREATE INDEX IF NOT EXISTS "django_session_expire_date_a5c62663" ON "django_session" ("expire_date");
CREATE INDEX IF NOT EXISTS "news_comment_commentForPost_id_cab419c4" ON "news_comment" ("commentForPost_id");
CREATE INDEX IF NOT EXISTS "news_comment_commentUser_id_2d5f39b8" ON "news_comment" ("commentUser_id");
CREATE INDEX IF NOT EXISTS "django_flatpage_url_41612362" ON "django_flatpage" ("url");
CREATE UNIQUE INDEX "django_flatpage_sites_flatpage_id_site_id_0d29d9d1_uniq" ON "django_flatpage_sites" ("flatpage_id", "site_id");
CREATE INDEX IF NOT EXISTS "django_flatpage_sites_flatpage_id_078bbc8b" ON "django_flatpage_sites" ("flatpage_id");
CREATE INDEX IF NOT EXISTS "django_flatpage_sites_site_id_bfd8ea84" ON "django_flatpage_sites" ("site_id");
CREATE INDEX IF NOT EXISTS "account_emailconfirmation_email_address_id_5b7f8c58" ON "account_emailconfirmation" ("email_address_id");
CREATE UNIQUE INDEX "account_emailaddress_user_id_email_987c8728_uniq" ON "account_emailaddress" ("user_id", "email");
CREATE UNIQUE INDEX "unique_verified_email" ON "account_emailaddress" ("email") WHERE "verified";
CREATE INDEX IF NOT EXISTS "account_emailaddress_user_id_2c513194" ON "account_emailaddress" ("user_id");
CREATE INDEX IF NOT EXISTS "account_emailaddress_upper" ON "account_emailaddress" ((UPPER("email")));
CREATE UNIQUE INDEX "socialaccount_socialapp_sites_socialapp_id_site_id_71a9a768_uniq" ON "socialaccount_socialapp_sites" ("socialapp_id", "site_id");
CREATE INDEX IF NOT EXISTS "socialaccount_socialapp_sites_socialapp_id_97fb6e7d" ON "socialaccount_socialapp_sites" ("socialapp_id");
CREATE INDEX IF NOT EXISTS "socialaccount_socialapp_sites_site_id_2579dee5" ON "socialaccount_socialapp_sites" ("site_id");
CREATE UNIQUE INDEX "socialaccount_socialaccount_provider_uid_fc810c6e_uniq" ON "socialaccount_socialaccount" ("provider", "uid");
CREATE INDEX IF NOT EXISTS "socialaccount_socialaccount_user_id_8146e70c" ON "socialaccount_socialaccount" ("user_id");
CREATE UNIQUE INDEX "socialaccount_socialtoken_app_id_account_id_fca4e0ac_uniq" ON "socialaccount_socialtoken" ("app_id", "account_id");
CREATE INDEX IF NOT EXISTS "socialaccount_socialtoken_account_id_951f210e" ON "socialaccount_socialtoken" ("account_id");
CREATE INDEX IF NOT EXISTS "socialaccount_socialtoken_app_id_636a42d7" ON "socialaccount_socialtoken" ("app_id");
CREATE TABLE IF NOT EXISTS "auth_user_groups" ("id" integer NOT NULL PRIMARY KEY AUTOINCREMENT, "user_id" integer NOT NULL REFERENCES "auth_user" ("id") DEFERRABLE INITIALLY DEFERRED, "group_id" integer NOT NULL REFERENCES "auth_group" ("id") DEFERRABLE INITIALLY DEFERRED);
INSERT INTO "auth_user_groups" VALUES(2,1,1);
INSERT INTO "auth_user_groups" VALUES(3,1,2);
INSERT INTO "auth_user_groups" VALUES(4,2,1);
INSERT INTO "auth_user_groups" VALUES(5,2,2);
INSERT INTO "auth_user_groups" VALUES(6,4,1);
INSERT INTO "auth_user_groups" VALUES(7,8,1);
INSERT INTO "auth_user_groups" VALUES(8,7,1);
INSERT INTO "auth_user_groups" VALUES(9,6,1);
INSERT INTO "auth_user_groups" VALUES(23,4,2);
INSERT INTO "auth_user_groups" VALUES(24,9,1);
INSERT INTO "auth_user_groups" VALUES(26,10,1);
CREATE UNIQUE INDEX "auth_group_permissions_group_id_permission_id_0cd325b0_uniq" ON "auth_group_permissions" ("group_id", "permission_id");
CREATE INDEX IF NOT EXISTS "auth_group_permissions_group_id_b120cbf9" ON "auth_group_permissions" ("group_id");
CREATE INDEX IF NOT EXISTS "auth_group_permissions_permission_id_84c5c92e" ON "auth_group_permissions" ("permission_id");
CREATE UNIQUE INDEX "auth_user_groups_user_id_group_id_94350c0c_uniq" ON "auth_user_groups" ("user_id", "group_id");
CREATE INDEX IF NOT EXISTS "auth_user_groups_user_id_6a12ed8b" ON "auth_user_groups" ("user_id");
CREATE INDEX IF NOT EXISTS "auth_user_groups_group_id_97559544" ON "auth_user_groups" ("group_id");
CREATE UNIQUE INDEX "auth_user_user_permissions_user_id_permission_id_14a6b632_uniq" ON "auth_user_user_permissions" ("user_id", "permission_id");
CREATE INDEX IF NOT EXISTS "auth_user_user_permissions_user_id_a95ead1b" ON "auth_user_user_permissions" ("user_id");
CREATE INDEX IF NOT EXISTS "auth_user_user_permissions_permission_id_1fbb5f2c" ON "auth_user_user_permissions" ("permission_id");
CREATE INDEX IF NOT EXISTS "django_admin_log_content_type_id_c4bce8eb" ON "django_admin_log" ("content_type_id");
CREATE INDEX IF NOT EXISTS "django_admin_log_user_id_c564eba6" ON "django_admin_log" ("user_id");
CREATE UNIQUE INDEX "django_content_type_app_label_model_76bd3d3b_uniq" ON "django_content_type" ("app_label", "model");
CREATE UNIQUE INDEX "auth_permission_content_type_id_codename_01ab375a_uniq" ON "auth_permission" ("content_type_id", "codename");
CREATE INDEX IF NOT EXISTS "auth_permission_content_type_id_2f476e4b" ON "auth_permission" ("content_type_id");
CREATE INDEX IF NOT EXISTS "news_postcategory_fromCategory_id_abb9ca00" ON "news_postcategory" ("fromCategory_id");
CREATE INDEX IF NOT EXISTS "news_postcategory_fromPost_id_f1c38b44" ON "news_postcategory" ("fromPost_id");
CREATE INDEX IF NOT EXISTS "news_post_postAuthor_id_6a5dd7ff" ON "news_post" ("postAuthor_id");
CREATE INDEX IF NOT EXISTS "django_session_expire_date_a5c62663" ON "django_session" ("expire_date");
CREATE INDEX IF NOT EXISTS "news_comment_commentForPost_id_cab419c4" ON "news_comment" ("commentForPost_id");
CREATE INDEX IF NOT EXISTS "news_comment_commentUser_id_2d5f39b8" ON "news_comment" ("commentUser_id");
CREATE INDEX IF NOT EXISTS "django_flatpage_url_41612362" ON "django_flatpage" ("url");
CREATE UNIQUE INDEX "django_flatpage_sites_flatpage_id_site_id_0d29d9d1_uniq" ON "django_flatpage_sites" ("flatpage_id", "site_id");
CREATE INDEX IF NOT EXISTS "django_flatpage_sites_flatpage_id_078bbc8b" ON "django_flatpage_sites" ("flatpage_id");
CREATE INDEX IF NOT EXISTS "django_flatpage_sites_site_id_bfd8ea84" ON "django_flatpage_sites" ("site_id");
CREATE INDEX IF NOT EXISTS "account_emailconfirmation_email_address_id_5b7f8c58" ON "account_emailconfirmation" ("email_address_id");
CREATE UNIQUE INDEX "account_emailaddress_user_id_email_987c8728_uniq" ON "account_emailaddress" ("user_id", "email");
CREATE UNIQUE INDEX "unique_verified_email" ON "account_emailaddress" ("email") WHERE "verified";
CREATE INDEX IF NOT EXISTS "account_emailaddress_user_id_2c513194" ON "account_emailaddress" ("user_id");
CREATE INDEX IF NOT EXISTS "account_emailaddress_upper" ON "account_emailaddress" ((UPPER("email")));
CREATE UNIQUE INDEX "socialaccount_socialapp_sites_socialapp_id_site_id_71a9a768_uniq" ON "socialaccount_socialapp_sites" ("socialapp_id", "site_id");
CREATE INDEX IF NOT EXISTS "socialaccount_socialapp_sites_socialapp_id_97fb6e7d" ON "socialaccount_socialapp_sites" ("socialapp_id");
CREATE INDEX IF NOT EXISTS "socialaccount_socialapp_sites_site_id_2579dee5" ON "socialaccount_socialapp_sites" ("site_id");
CREATE UNIQUE INDEX "socialaccount_socialaccount_provider_uid_fc810c6e_uniq" ON "socialaccount_socialaccount" ("provider", "uid");
CREATE INDEX IF NOT EXISTS "socialaccount_socialaccount_user_id_8146e70c" ON "socialaccount_socialaccount" ("user_id");
CREATE UNIQUE INDEX "socialaccount_socialtoken_app_id_account_id_fca4e0ac_uniq" ON "socialaccount_socialtoken" ("app_id", "account_id");
CREATE INDEX IF NOT EXISTS "socialaccount_socialtoken_account_id_951f210e" ON "socialaccount_socialtoken" ("account_id");
CREATE INDEX IF NOT EXISTS "socialaccount_socialtoken_app_id_636a42d7" ON "socialaccount_socialtoken" ("app_id");
CREATE TABLE IF NOT EXISTS "auth_user_user_permissions" ("id" integer NOT NULL PRIMARY KEY AUTOINCREMENT, "user_id" integer NOT NULL REFERENCES "auth_user" ("id") DEFERRABLE INITIALLY DEFERRED, "permission_id" integer NOT NULL REFERENCES "auth_permission" ("id") DEFERRABLE INITIALLY DEFERRED);
CREATE UNIQUE INDEX "auth_group_permissions_group_id_permission_id_0cd325b0_uniq" ON "auth_group_permissions" ("group_id", "permission_id");
CREATE INDEX IF NOT EXISTS "auth_group_permissions_group_id_b120cbf9" ON "auth_group_permissions" ("group_id");
CREATE INDEX IF NOT EXISTS "auth_group_permissions_permission_id_84c5c92e" ON "auth_group_permissions" ("permission_id");
CREATE UNIQUE INDEX "auth_user_groups_user_id_group_id_94350c0c_uniq" ON "auth_user_groups" ("user_id", "group_id");
CREATE INDEX IF NOT EXISTS "auth_user_groups_user_id_6a12ed8b" ON "auth_user_groups" ("user_id");
CREATE INDEX IF NOT EXISTS "auth_user_groups_group_id_97559544" ON "auth_user_groups" ("group_id");
CREATE UNIQUE INDEX "auth_user_user_permissions_user_id_permission_id_14a6b632_uniq" ON "auth_user_user_permissions" ("user_id", "permission_id");
CREATE INDEX IF NOT EXISTS "auth_user_user_permissions_user_id_a95ead1b" ON "auth_user_user_permissions" ("user_id");
CREATE INDEX IF NOT EXISTS "auth_user_user_permissions_permission_id_1fbb5f2c" ON "auth_user_user_permissions" ("permission_id");
CREATE INDEX IF NOT EXISTS "django_admin_log_content_type_id_c4bce8eb" ON "django_admin_log" ("content_type_id");
CREATE INDEX IF NOT EXISTS "django_admin_log_user_id_c564eba6" ON "django_admin_log" ("user_id");
CREATE UNIQUE INDEX "django_content_type_app_label_model_76bd3d3b_uniq" ON "django_content_type" ("app_label", "model");
CREATE UNIQUE INDEX "auth_permission_content_type_id_codename_01ab375a_uniq" ON "auth_permission" ("content_type_id", "codename");
CREATE INDEX IF NOT EXISTS "auth_permission_content_type_id_2f476e4b" ON "auth_permission" ("content_type_id");
CREATE INDEX IF NOT EXISTS "news_postcategory_fromCategory_id_abb9ca00" ON "news_postcategory" ("fromCategory_id");
CREATE INDEX IF NOT EXISTS "news_postcategory_fromPost_id_f1c38b44" ON "news_postcategory" ("fromPost_id");
CREATE INDEX IF NOT EXISTS "news_post_postAuthor_id_6a5dd7ff" ON "news_post" ("postAuthor_id");
CREATE INDEX IF NOT EXISTS "django_session_expire_date_a5c62663" ON "django_session" ("expire_date");
CREATE INDEX IF NOT EXISTS "news_comment_commentForPost_id_cab419c4" ON "news_comment" ("commentForPost_id");
CREATE INDEX IF NOT EXISTS "news_comment_commentUser_id_2d5f39b8" ON "news_comment" ("commentUser_id");
CREATE INDEX IF NOT EXISTS "django_flatpage_url_41612362" ON "django_flatpage" ("url");
CREATE UNIQUE INDEX "django_flatpage_sites_flatpage_id_site_id_0d29d9d1_uniq" ON "django_flatpage_sites" ("flatpage_id", "site_id");
CREATE INDEX IF NOT EXISTS "django_flatpage_sites_flatpage_id_078bbc8b" ON "django_flatpage_sites" ("flatpage_id");
CREATE INDEX IF NOT EXISTS "django_flatpage_sites_site_id_bfd8ea84" ON "django_flatpage_sites" ("site_id");
CREATE INDEX IF NOT EXISTS "account_emailconfirmation_email_address_id_5b7f8c58" ON "account_emailconfirmation" ("email_address_id");
CREATE UNIQUE INDEX "account_emailaddress_user_id_email_987c8728_uniq" ON "account_emailaddress" ("user_id", "email");
CREATE UNIQUE INDEX "unique_verified_email" ON "account_emailaddress" ("email") WHERE "verified";
CREATE INDEX IF NOT EXISTS "account_emailaddress_user_id_2c513194" ON "account_emailaddress" ("user_id");
CREATE INDEX IF NOT EXISTS "account_emailaddress_upper" ON "account_emailaddress" ((UPPER("email")));
CREATE UNIQUE INDEX "socialaccount_socialapp_sites_socialapp_id_site_id_71a9a768_uniq" ON "socialaccount_socialapp_sites" ("socialapp_id", "site_id");
CREATE INDEX IF NOT EXISTS "socialaccount_socialapp_sites_socialapp_id_97fb6e7d" ON "socialaccount_socialapp_sites" ("socialapp_id");
CREATE INDEX IF NOT EXISTS "socialaccount_socialapp_sites_site_id_2579dee5" ON "socialaccount_socialapp_sites" ("site_id");
CREATE UNIQUE INDEX "socialaccount_socialaccount_provider_uid_fc810c6e_uniq" ON "socialaccount_socialaccount" ("provider", "uid");
CREATE INDEX IF NOT EXISTS "socialaccount_socialaccount_user_id_8146e70c" ON "socialaccount_socialaccount" ("user_id");
CREATE UNIQUE INDEX "socialaccount_socialtoken_app_id_account_id_fca4e0ac_uniq" ON "socialaccount_socialtoken" ("app_id", "account_id");
CREATE INDEX IF NOT EXISTS "socialaccount_socialtoken_account_id_951f210e" ON "socialaccount_socialtoken" ("account_id");
CREATE INDEX IF NOT EXISTS "socialaccount_socialtoken_app_id_636a42d7" ON "socialaccount_socialtoken" ("app_id");
CREATE TABLE IF NOT EXISTS "django_admin_log" ("id" integer NOT NULL PRIMARY KEY AUTOINCREMENT, "object_id" text NULL, "object_repr" varchar(200) NOT NULL, "action_flag" smallint unsigned NOT NULL CHECK ("action_flag" >= 0), "change_message" text NOT NULL, "content_type_id" integer NULL REFERENCES "django_content_type" ("id") DEFERRABLE INITIALLY DEFERRED, "user_id" integer NOT NULL REFERENCES "auth_user" ("id") DEFERRABLE INITIALLY DEFERRED, "action_time" datetime NOT NULL);
INSERT INTO "django_admin_log" VALUES(1,'1','/ -- Главная',1,'[{"added": {}}]',13,3,'2023-10-19 10:47:59.756088');
INSERT INTO "django_admin_log" VALUES(2,'1','/ -- Главная',2,'[]',13,3,'2023-10-19 10:52:32.150433');
INSERT INTO "django_admin_log" VALUES(3,'1','/ -- Главная',2,'[{"changed": {"fields": ["Content"]}}]',13,3,'2023-10-19 10:55:42.110358');
INSERT INTO "django_admin_log" VALUES(4,'2','/about/ -- О сайте',1,'[{"added": {}}]',13,3,'2023-10-19 10:56:27.569758');
INSERT INTO "django_admin_log" VALUES(5,'1','Post object (1)',2,'[{"changed": {"fields": ["PostText"]}}]',9,3,'2023-10-19 11:05:53.288339');
INSERT INTO "django_admin_log" VALUES(6,'2','Post object (2)',2,'[{"changed": {"fields": ["PostText"]}}]',9,3,'2023-10-19 11:06:53.641720');
INSERT INTO "django_admin_log" VALUES(7,'3','Post object (3)',2,'[{"changed": {"fields": ["PostText"]}}]',9,3,'2023-10-19 11:07:10.736812');
INSERT INTO "django_admin_log" VALUES(8,'3','/contacts/ -- Контакты',1,'[{"added": {}}]',13,3,'2023-10-19 12:15:42.106036');
INSERT INTO "django_admin_log" VALUES(9,'3','/contacts/ -- Контакты',2,'[{"changed": {"fields": ["Content"]}}]',13,3,'2023-10-19 12:18:10.527414');
INSERT INTO "django_admin_log" VALUES(10,'1','/ -- Главная',2,'[{"changed": {"fields": ["Content"]}}]',13,3,'2023-10-19 12:20:36.830841');
INSERT INTO "django_admin_log" VALUES(11,'1','Category object (1)',2,'[{"changed": {"fields": ["CategoryName"]}}]',8,3,'2023-10-20 23:22:31.411226');
INSERT INTO "django_admin_log" VALUES(12,'2','Category object (2)',2,'[{"changed": {"fields": ["CategoryName"]}}]',8,3,'2023-10-20 23:22:44.697436');
INSERT INTO "django_admin_log" VALUES(13,'3','Category object (3)',2,'[{"changed": {"fields": ["CategoryName"]}}]',8,3,'2023-10-20 23:22:53.949138');
INSERT INTO "django_admin_log" VALUES(14,'4','Category object (4)',2,'[{"changed": {"fields": ["CategoryName"]}}]',8,3,'2023-10-20 23:23:03.354073');
INSERT INTO "django_admin_log" VALUES(15,'1','/ -- Главная',2,'[{"changed": {"fields": ["Content"]}}]',13,3,'2023-10-21 20:33:58.853924');
INSERT INTO "django_admin_log" VALUES(16,'3','admin',2,'[{"changed": {"fields": ["Email address"]}}]',4,3,'2023-10-24 21:12:59.444441');
INSERT INTO "django_admin_log" VALUES(17,'1','127.0.0.1',2,'[{"changed": {"fields": ["Domain name"]}}]',12,3,'2023-10-24 21:36:19.004907');
INSERT INTO "django_admin_log" VALUES(18,'1','Google',1,'[{"added": {}}]',17,3,'2023-10-24 21:37:29.647499');
INSERT INTO "django_admin_log" VALUES(19,'1','common',1,'[{"added": {}}]',3,3,'2023-10-24 22:13:03.667874');
INSERT INTO "django_admin_log" VALUES(20,'2','authors',1,'[{"added": {}}]',3,3,'2023-10-24 22:13:17.789154');
INSERT INTO "django_admin_log" VALUES(21,'5','test',2,'[{"changed": {"fields": ["Groups"]}}]',4,3,'2023-10-24 22:19:22.074478');
INSERT INTO "django_admin_log" VALUES(22,'1','User-1',2,'[{"changed": {"fields": ["Groups"]}}]',4,3,'2023-10-24 22:19:37.517438');
INSERT INTO "django_admin_log" VALUES(23,'2','User-2',2,'[{"changed": {"fields": ["Groups"]}}]',4,3,'2023-10-24 22:19:50.814496');
INSERT INTO "django_admin_log" VALUES(24,'4','victoria',2,'[{"changed": {"fields": ["Groups"]}}]',4,3,'2023-10-24 22:20:20.238737');
INSERT INTO "django_admin_log" VALUES(25,'2','authors',2,'[{"changed": {"fields": ["Permissions"]}}]',3,3,'2023-10-24 23:11:53.048373');
INSERT INTO "django_admin_log" VALUES(26,'1','common',2,'[{"changed": {"fields": ["Permissions"]}}]',3,3,'2023-10-24 23:20:26.259747');
INSERT INTO "django_admin_log" VALUES(27,'7','test3',2,'[{"changed": {"fields": ["Groups"]}}]',4,3,'2023-10-25 00:13:00.542190');
INSERT INTO "django_admin_log" VALUES(28,'6','test2',2,'[{"changed": {"fields": ["Groups"]}}]',4,3,'2023-10-25 00:13:09.288842');
INSERT INTO "django_admin_log" VALUES(29,'3','admin',2,'[{"changed": {"fields": ["Groups"]}}]',4,3,'2023-10-25 01:50:50.052172');
INSERT INTO "django_admin_log" VALUES(30,'3','admin',2,'[{"changed": {"fields": ["Groups"]}}]',4,3,'2023-10-25 01:52:02.068449');
INSERT INTO "django_admin_log" VALUES(31,'3','admin',2,'[{"changed": {"fields": ["Groups"]}}]',4,3,'2023-10-25 01:53:23.621964');
INSERT INTO "django_admin_log" VALUES(32,'3','admin',2,'[{"changed": {"fields": ["Groups"]}}]',4,3,'2023-10-25 01:54:01.784333');
INSERT INTO "django_admin_log" VALUES(33,'3','admin',2,'[{"changed": {"fields": ["Groups"]}}]',4,3,'2023-10-25 01:54:27.363173');
INSERT INTO "django_admin_log" VALUES(34,'2','authors',2,'[{"changed": {"fields": ["Permissions"]}}]',3,3,'2023-10-25 01:55:29.933629');
INSERT INTO "django_admin_log" VALUES(35,'1','common',2,'[{"changed": {"fields": ["Permissions"]}}]',3,3,'2023-10-25 01:59:16.285236');
INSERT INTO "django_admin_log" VALUES(36,'3','admin',2,'[{"changed": {"fields": ["Groups"]}}]',4,3,'2023-10-25 01:59:39.302792');
INSERT INTO "django_admin_log" VALUES(37,'3','admin',2,'[{"changed": {"fields": ["Groups"]}}]',4,3,'2023-10-25 02:00:28.341381');
INSERT INTO "django_admin_log" VALUES(38,'4','victoria',2,'[{"changed": {"fields": ["Groups"]}}]',4,3,'2023-10-25 02:04:39.685766');
INSERT INTO "django_admin_log" VALUES(39,'4','victoria',2,'[{"changed": {"fields": ["Groups"]}}]',4,3,'2023-10-25 02:06:57.900436');
INSERT INTO "django_admin_log" VALUES(40,'4','/accounts/cabinet/ -- Кабинет',1,'[{"added": {}}]',13,3,'2023-10-25 02:18:51.476062');
INSERT INTO "django_admin_log" VALUES(41,'3','admin',2,'[{"changed": {"fields": ["Groups"]}}]',4,3,'2023-10-25 02:20:29.079675');
INSERT INTO "django_admin_log" VALUES(42,'4','/accounts/cabinet/ -- Кабинет',2,'[{"changed": {"fields": ["Registration required"]}}]',13,3,'2023-10-25 02:22:00.798047');
INSERT INTO "django_admin_log" VALUES(43,'4','/cabinet/ -- Кабинет',2,'[{"changed": {"fields": ["URL"]}}]',13,3,'2023-10-25 02:51:12.716573');
INSERT INTO "django_admin_log" VALUES(44,'4','/accounts/cabinet/ -- Кабинет',2,'[{"changed": {"fields": ["URL"]}}]',13,3,'2023-10-25 02:51:51.468134');
INSERT INTO "django_admin_log" VALUES(45,'4','/accounts/cabinet/ -- Кабинет',3,'',13,3,'2023-10-25 02:54:34.583628');
INSERT INTO "django_admin_log" VALUES(46,'3','admin',2,'[{"changed": {"fields": ["Groups"]}}]',4,3,'2023-10-25 02:58:43.538618');
INSERT INTO "django_admin_log" VALUES(47,'3','admin',2,'[{"changed": {"fields": ["Groups"]}}]',4,3,'2023-10-25 02:59:21.204005');
INSERT INTO "django_admin_log" VALUES(48,'8','test4',2,'[{"changed": {"fields": ["Groups"]}}]',4,3,'2023-10-25 03:05:14.129837');
INSERT INTO "django_admin_log" VALUES(49,'9','test5',2,'[{"changed": {"fields": ["Groups"]}}]',4,3,'2023-10-25 03:08:30.985624');
INSERT INTO "django_admin_log" VALUES(50,'5','test1',2,'[{"changed": {"fields": ["Username", "Email address"]}}]',4,3,'2023-10-25 03:10:55.233485');
INSERT INTO "django_admin_log" VALUES(51,'5','test1',3,'',4,3,'2023-10-25 03:12:46.060143');
CREATE UNIQUE INDEX "auth_group_permissions_group_id_permission_id_0cd325b0_uniq" ON "auth_group_permissions" ("group_id", "permission_id");
CREATE INDEX IF NOT EXISTS "auth_group_permissions_group_id_b120cbf9" ON "auth_group_permissions" ("group_id");
CREATE INDEX IF NOT EXISTS "auth_group_permissions_permission_id_84c5c92e" ON "auth_group_permissions" ("permission_id");
CREATE UNIQUE INDEX "auth_user_groups_user_id_group_id_94350c0c_uniq" ON "auth_user_groups" ("user_id", "group_id");
CREATE INDEX IF NOT EXISTS "auth_user_groups_user_id_6a12ed8b" ON "auth_user_groups" ("user_id");
CREATE INDEX IF NOT EXISTS "auth_user_groups_group_id_97559544" ON "auth_user_groups" ("group_id");
CREATE UNIQUE INDEX "auth_user_user_permissions_user_id_permission_id_14a6b632_uniq" ON "auth_user_user_permissions" ("user_id", "permission_id");
CREATE INDEX IF NOT EXISTS "auth_user_user_permissions_user_id_a95ead1b" ON "auth_user_user_permissions" ("user_id");
CREATE INDEX IF NOT EXISTS "auth_user_user_permissions_permission_id_1fbb5f2c" ON "auth_user_user_permissions" ("permission_id");
CREATE INDEX IF NOT EXISTS "django_admin_log_content_type_id_c4bce8eb" ON "django_admin_log" ("content_type_id");
CREATE INDEX IF NOT EXISTS "django_admin_log_user_id_c564eba6" ON "django_admin_log" ("user_id");
CREATE UNIQUE INDEX "django_content_type_app_label_model_76bd3d3b_uniq" ON "django_content_type" ("app_label", "model");
CREATE UNIQUE INDEX "auth_permission_content_type_id_codename_01ab375a_uniq" ON "auth_permission" ("content_type_id", "codename");
CREATE INDEX IF NOT EXISTS "auth_permission_content_type_id_2f476e4b" ON "auth_permission" ("content_type_id");
CREATE INDEX IF NOT EXISTS "news_postcategory_fromCategory_id_abb9ca00" ON "news_postcategory" ("fromCategory_id");
CREATE INDEX IF NOT EXISTS "news_postcategory_fromPost_id_f1c38b44" ON "news_postcategory" ("fromPost_id");
CREATE INDEX IF NOT EXISTS "news_post_postAuthor_id_6a5dd7ff" ON "news_post" ("postAuthor_id");
CREATE INDEX IF NOT EXISTS "django_session_expire_date_a5c62663" ON "django_session" ("expire_date");
CREATE INDEX IF NOT EXISTS "news_comment_commentForPost_id_cab419c4" ON "news_comment" ("commentForPost_id");
CREATE INDEX IF NOT EXISTS "news_comment_commentUser_id_2d5f39b8" ON "news_comment" ("commentUser_id");
CREATE INDEX IF NOT EXISTS "django_flatpage_url_41612362" ON "django_flatpage" ("url");
CREATE UNIQUE INDEX "django_flatpage_sites_flatpage_id_site_id_0d29d9d1_uniq" ON "django_flatpage_sites" ("flatpage_id", "site_id");
CREATE INDEX IF NOT EXISTS "django_flatpage_sites_flatpage_id_078bbc8b" ON "django_flatpage_sites" ("flatpage_id");
CREATE INDEX IF NOT EXISTS "django_flatpage_sites_site_id_bfd8ea84" ON "django_flatpage_sites" ("site_id");
CREATE INDEX IF NOT EXISTS "account_emailconfirmation_email_address_id_5b7f8c58" ON "account_emailconfirmation" ("email_address_id");
CREATE UNIQUE INDEX "account_emailaddress_user_id_email_987c8728_uniq" ON "account_emailaddress" ("user_id", "email");
CREATE UNIQUE INDEX "unique_verified_email" ON "account_emailaddress" ("email") WHERE "verified";
CREATE INDEX IF NOT EXISTS "account_emailaddress_user_id_2c513194" ON "account_emailaddress" ("user_id");
CREATE INDEX IF NOT EXISTS "account_emailaddress_upper" ON "account_emailaddress" ((UPPER("email")));
CREATE UNIQUE INDEX "socialaccount_socialapp_sites_socialapp_id_site_id_71a9a768_uniq" ON "socialaccount_socialapp_sites" ("socialapp_id", "site_id");
CREATE INDEX IF NOT EXISTS "socialaccount_socialapp_sites_socialapp_id_97fb6e7d" ON "socialaccount_socialapp_sites" ("socialapp_id");
CREATE INDEX IF NOT EXISTS "socialaccount_socialapp_sites_site_id_2579dee5" ON "socialaccount_socialapp_sites" ("site_id");
CREATE UNIQUE INDEX "socialaccount_socialaccount_provider_uid_fc810c6e_uniq" ON "socialaccount_socialaccount" ("provider", "uid");
CREATE INDEX IF NOT EXISTS "socialaccount_socialaccount_user_id_8146e70c" ON "socialaccount_socialaccount" ("user_id");
CREATE UNIQUE INDEX "socialaccount_socialtoken_app_id_account_id_fca4e0ac_uniq" ON "socialaccount_socialtoken" ("app_id", "account_id");
CREATE INDEX IF NOT EXISTS "socialaccount_socialtoken_account_id_951f210e" ON "socialaccount_socialtoken" ("account_id");
CREATE INDEX IF NOT EXISTS "socialaccount_socialtoken_app_id_636a42d7" ON "socialaccount_socialtoken" ("app_id");
CREATE TABLE IF NOT EXISTS "django_content_type" ("id" integer NOT NULL PRIMARY KEY AUTOINCREMENT, "app_label" varchar(100) NOT NULL, "model" varchar(100) NOT NULL);
INSERT INTO "django_content_type" VALUES(1,'admin','logentry');
INSERT INTO "django_content_type" VALUES(2,'auth','permission');
INSERT INTO "django_content_type" VALUES(3,'auth','group');
INSERT INTO "django_content_type" VALUES(4,'auth','user');
INSERT INTO "django_content_type" VALUES(5,'contenttypes','contenttype');
INSERT INTO "django_content_type" VALUES(6,'sessions','session');
INSERT INTO "django_content_type" VALUES(7,'news','author');
INSERT INTO "django_content_type" VALUES(8,'news','category');
INSERT INTO "django_content_type" VALUES(9,'news','post');
INSERT INTO "django_content_type" VALUES(10,'news','postcategory');
INSERT INTO "django_content_type" VALUES(11,'news','comment');
INSERT INTO "django_content_type" VALUES(12,'sites','site');
INSERT INTO "django_content_type" VALUES(13,'flatpages','flatpage');
INSERT INTO "django_content_type" VALUES(14,'account','emailaddress');
INSERT INTO "django_content_type" VALUES(15,'account','emailconfirmation');
INSERT INTO "django_content_type" VALUES(16,'socialaccount','socialaccount');
INSERT INTO "django_content_type" VALUES(17,'socialaccount','socialapp');
INSERT INTO "django_content_type" VALUES(18,'socialaccount','socialtoken');
CREATE UNIQUE INDEX "auth_group_permissions_group_id_permission_id_0cd325b0_uniq" ON "auth_group_permissions" ("group_id", "permission_id");
CREATE INDEX IF NOT EXISTS "auth_group_permissions_group_id_b120cbf9" ON "auth_group_permissions" ("group_id");
CREATE INDEX IF NOT EXISTS "auth_group_permissions_permission_id_84c5c92e" ON "auth_group_permissions" ("permission_id");
CREATE UNIQUE INDEX "auth_user_groups_user_id_group_id_94350c0c_uniq" ON "auth_user_groups" ("user_id", "group_id");
CREATE INDEX IF NOT EXISTS "auth_user_groups_user_id_6a12ed8b" ON "auth_user_groups" ("user_id");
CREATE INDEX IF NOT EXISTS "auth_user_groups_group_id_97559544" ON "auth_user_groups" ("group_id");
CREATE UNIQUE INDEX "auth_user_user_permissions_user_id_permission_id_14a6b632_uniq" ON "auth_user_user_permissions" ("user_id", "permission_id");
CREATE INDEX IF NOT EXISTS "auth_user_user_permissions_user_id_a95ead1b" ON "auth_user_user_permissions" ("user_id");
CREATE INDEX IF NOT EXISTS "auth_user_user_permissions_permission_id_1fbb5f2c" ON "auth_user_user_permissions" ("permission_id");
CREATE INDEX IF NOT EXISTS "django_admin_log_content_type_id_c4bce8eb" ON "django_admin_log" ("content_type_id");
CREATE INDEX IF NOT EXISTS "django_admin_log_user_id_c564eba6" ON "django_admin_log" ("user_id");
CREATE UNIQUE INDEX "django_content_type_app_label_model_76bd3d3b_uniq" ON "django_content_type" ("app_label", "model");
CREATE UNIQUE INDEX "auth_permission_content_type_id_codename_01ab375a_uniq" ON "auth_permission" ("content_type_id", "codename");
CREATE INDEX IF NOT EXISTS "auth_permission_content_type_id_2f476e4b" ON "auth_permission" ("content_type_id");
CREATE INDEX IF NOT EXISTS "news_postcategory_fromCategory_id_abb9ca00" ON "news_postcategory" ("fromCategory_id");
CREATE INDEX IF NOT EXISTS "news_postcategory_fromPost_id_f1c38b44" ON "news_postcategory" ("fromPost_id");
CREATE INDEX IF NOT EXISTS "news_post_postAuthor_id_6a5dd7ff" ON "news_post" ("postAuthor_id");
CREATE INDEX IF NOT EXISTS "django_session_expire_date_a5c62663" ON "django_session" ("expire_date");
CREATE INDEX IF NOT EXISTS "news_comment_commentForPost_id_cab419c4" ON "news_comment" ("commentForPost_id");
CREATE INDEX IF NOT EXISTS "news_comment_commentUser_id_2d5f39b8" ON "news_comment" ("commentUser_id");
CREATE INDEX IF NOT EXISTS "django_flatpage_url_41612362" ON "django_flatpage" ("url");
CREATE UNIQUE INDEX "django_flatpage_sites_flatpage_id_site_id_0d29d9d1_uniq" ON "django_flatpage_sites" ("flatpage_id", "site_id");
CREATE INDEX IF NOT EXISTS "django_flatpage_sites_flatpage_id_078bbc8b" ON "django_flatpage_sites" ("flatpage_id");
CREATE INDEX IF NOT EXISTS "django_flatpage_sites_site_id_bfd8ea84" ON "django_flatpage_sites" ("site_id");
CREATE INDEX IF NOT EXISTS "account_emailconfirmation_email_address_id_5b7f8c58" ON "account_emailconfirmation" ("email_address_id");
CREATE UNIQUE INDEX "account_emailaddress_user_id_email_987c8728_uniq" ON "account_emailaddress" ("user_id", "email");
CREATE UNIQUE INDEX "unique_verified_email" ON "account_emailaddress" ("email") WHERE "verified";
CREATE INDEX IF NOT EXISTS "account_emailaddress_user_id_2c513194" ON "account_emailaddress" ("user_id");
CREATE INDEX IF NOT EXISTS "account_emailaddress_upper" ON "account_emailaddress" ((UPPER("email")));
CREATE UNIQUE INDEX "socialaccount_socialapp_sites_socialapp_id_site_id_71a9a768_uniq" ON "socialaccount_socialapp_sites" ("socialapp_id", "site_id");
CREATE INDEX IF NOT EXISTS "socialaccount_socialapp_sites_socialapp_id_97fb6e7d" ON "socialaccount_socialapp_sites" ("socialapp_id");
CREATE INDEX IF NOT EXISTS "socialaccount_socialapp_sites_site_id_2579dee5" ON "socialaccount_socialapp_sites" ("site_id");
CREATE UNIQUE INDEX "socialaccount_socialaccount_provider_uid_fc810c6e_uniq" ON "socialaccount_socialaccount" ("provider", "uid");
CREATE INDEX IF NOT EXISTS "socialaccount_socialaccount_user_id_8146e70c" ON "socialaccount_socialaccount" ("user_id");
CREATE UNIQUE INDEX "socialaccount_socialtoken_app_id_account_id_fca4e0ac_uniq" ON "socialaccount_socialtoken" ("app_id", "account_id");
CREATE INDEX IF NOT EXISTS "socialaccount_socialtoken_account_id_951f210e" ON "socialaccount_socialtoken" ("account_id");
CREATE INDEX IF NOT EXISTS "socialaccount_socialtoken_app_id_636a42d7" ON "socialaccount_socialtoken" ("app_id");
CREATE TABLE IF NOT EXISTS "django_flatpage" ("id" integer NOT NULL PRIMARY KEY AUTOINCREMENT, "url" varchar(100) NOT NULL, "title" varchar(200) NOT NULL, "content" text NOT NULL, "enable_comments" bool NOT NULL, "template_name" varchar(70) NOT NULL, "registration_required" bool NOT NULL);
INSERT INTO "django_flatpage" VALUES(1,'/','Главная','<hr>
<h2>Приложение новостного портала NewsPaper</h2>
<p style="text-align: justify;">Здесь можно:</p>
<ol>
<li style="text-align: justify;">смотреть новости,</li>
<li style="text-align: justify;">читать статьи,</li>
<li style="text-align: justify;">оставлять комментарии.</li>
</ol>',0,'',0);
INSERT INTO "django_flatpage" VALUES(2,'/about/','О сайте','<p style="text-align: center;"><strong>ЧТО РЕАЛИЗОВАНО В NEWSPAPER:</strong></p>
<ul>
<li style="text-align: justify;">Каждая статья/ новость может относиться к одной или нескольким категориям.</li>
<li style="text-align: justify;">Зарегистрированные пользователи имеют возможность сами писать статьи/ новости на новостной портал.</li>
<li style="text-align: justify;">Под каждой новостью/ статьёй любой пользователь (необязательно автор) может оставлять комментарии.</li>
</ul>',0,'',0);
INSERT INTO "django_flatpage" VALUES(3,'/contacts/','Контакты','<p>По всем вопросам, которые касаются приложения, можно обратиться через <a title="Открыть страницу на ;github" href="https://github.com/Victorinca" target="_blank">аккаунт автора на github.com</a>.</p>',0,'',0);
CREATE UNIQUE INDEX "auth_group_permissions_group_id_permission_id_0cd325b0_uniq" ON "auth_group_permissions" ("group_id", "permission_id");
CREATE INDEX IF NOT EXISTS "auth_group_permissions_group_id_b120cbf9" ON "auth_group_permissions" ("group_id");
CREATE INDEX IF NOT EXISTS "auth_group_permissions_permission_id_84c5c92e" ON "auth_group_permissions" ("permission_id");
CREATE UNIQUE INDEX "auth_user_groups_user_id_group_id_94350c0c_uniq" ON "auth_user_groups" ("user_id", "group_id");
CREATE INDEX IF NOT EXISTS "auth_user_groups_user_id_6a12ed8b" ON "auth_user_groups" ("user_id");
CREATE INDEX IF NOT EXISTS "auth_user_groups_group_id_97559544" ON "auth_user_groups" ("group_id");
CREATE UNIQUE INDEX "auth_user_user_permissions_user_id_permission_id_14a6b632_uniq" ON "auth_user_user_permissions" ("user_id", "permission_id");
CREATE INDEX IF NOT EXISTS "auth_user_user_permissions_user_id_a95ead1b" ON "auth_user_user_permissions" ("user_id");
CREATE INDEX IF NOT EXISTS "auth_user_user_permissions_permission_id_1fbb5f2c" ON "auth_user_user_permissions" ("permission_id");
CREATE INDEX IF NOT EXISTS "django_admin_log_content_type_id_c4bce8eb" ON "django_admin_log" ("content_type_id");
CREATE INDEX IF NOT EXISTS "django_admin_log_user_id_c564eba6" ON "django_admin_log" ("user_id");
CREATE UNIQUE INDEX "django_content_type_app_label_model_76bd3d3b_uniq" ON "django_content_type" ("app_label", "model");
CREATE UNIQUE INDEX "auth_permission_content_type_id_codename_01ab375a_uniq" ON "auth_permission" ("content_type_id", "codename");
CREATE INDEX IF NOT EXISTS "auth_permission_content_type_id_2f476e4b" ON "auth_permission" ("content_type_id");
CREATE INDEX IF NOT EXISTS "news_postcategory_fromCategory_id_abb9ca00" ON "news_postcategory" ("fromCategory_id");
CREATE INDEX IF NOT EXISTS "news_postcategory_fromPost_id_f1c38b44" ON "news_postcategory" ("fromPost_id");
CREATE INDEX IF NOT EXISTS "news_post_postAuthor_id_6a5dd7ff" ON "news_post" ("postAuthor_id");
CREATE INDEX IF NOT EXISTS "django_session_expire_date_a5c62663" ON "django_session" ("expire_date");
CREATE INDEX IF NOT EXISTS "news_comment_commentForPost_id_cab419c4" ON "news_comment" ("commentForPost_id");
CREATE INDEX IF NOT EXISTS "news_comment_commentUser_id_2d5f39b8" ON "news_comment" ("commentUser_id");
CREATE INDEX IF NOT EXISTS "django_flatpage_url_41612362" ON "django_flatpage" ("url");
CREATE UNIQUE INDEX "django_flatpage_sites_flatpage_id_site_id_0d29d9d1_uniq" ON "django_flatpage_sites" ("flatpage_id", "site_id");
CREATE INDEX IF NOT EXISTS "django_flatpage_sites_flatpage_id_078bbc8b" ON "django_flatpage_sites" ("flatpage_id");
CREATE INDEX IF NOT EXISTS "django_flatpage_sites_site_id_bfd8ea84" ON "django_flatpage_sites" ("site_id");
CREATE INDEX IF NOT EXISTS "account_emailconfirmation_email_address_id_5b7f8c58" ON "account_emailconfirmation" ("email_address_id");
CREATE UNIQUE INDEX "account_emailaddress_user_id_email_987c8728_uniq" ON "account_emailaddress" ("user_id", "email");
CREATE UNIQUE INDEX "unique_verified_email" ON "account_emailaddress" ("email") WHERE "verified";
CREATE INDEX IF NOT EXISTS "account_emailaddress_user_id_2c513194" ON "account_emailaddress" ("user_id");
CREATE INDEX IF NOT EXISTS "account_emailaddress_upper" ON "account_emailaddress" ((UPPER("email")));
CREATE UNIQUE INDEX "socialaccount_socialapp_sites_socialapp_id_site_id_71a9a768_uniq" ON "socialaccount_socialapp_sites" ("socialapp_id", "site_id");
CREATE INDEX IF NOT EXISTS "socialaccount_socialapp_sites_socialapp_id_97fb6e7d" ON "socialaccount_socialapp_sites" ("socialapp_id");
CREATE INDEX IF NOT EXISTS "socialaccount_socialapp_sites_site_id_2579dee5" ON "socialaccount_socialapp_sites" ("site_id");
CREATE UNIQUE INDEX "socialaccount_socialaccount_provider_uid_fc810c6e_uniq" ON "socialaccount_socialaccount" ("provider", "uid");
CREATE INDEX IF NOT EXISTS "socialaccount_socialaccount_user_id_8146e70c" ON "socialaccount_socialaccount" ("user_id");
CREATE UNIQUE INDEX "socialaccount_socialtoken_app_id_account_id_fca4e0ac_uniq" ON "socialaccount_socialtoken" ("app_id", "account_id");
CREATE INDEX IF NOT EXISTS "socialaccount_socialtoken_account_id_951f210e" ON "socialaccount_socialtoken" ("account_id");
CREATE INDEX IF NOT EXISTS "socialaccount_socialtoken_app_id_636a42d7" ON "socialaccount_socialtoken" ("app_id");
CREATE TABLE IF NOT EXISTS "django_flatpage_sites" ("id" integer NOT NULL PRIMARY KEY AUTOINCREMENT, "flatpage_id" integer NOT NULL REFERENCES "django_flatpage" ("id") DEFERRABLE INITIALLY DEFERRED, "site_id" integer NOT NULL REFERENCES "django_site" ("id") DEFERRABLE INITIALLY DEFERRED);
INSERT INTO "django_flatpage_sites" VALUES(1,1,1);
INSERT INTO "django_flatpage_sites" VALUES(2,2,1);
INSERT INTO "django_flatpage_sites" VALUES(3,3,1);
CREATE UNIQUE INDEX "auth_group_permissions_group_id_permission_id_0cd325b0_uniq" ON "auth_group_permissions" ("group_id", "permission_id");
CREATE INDEX IF NOT EXISTS "auth_group_permissions_group_id_b120cbf9" ON "auth_group_permissions" ("group_id");
CREATE INDEX IF NOT EXISTS "auth_group_permissions_permission_id_84c5c92e" ON "auth_group_permissions" ("permission_id");
CREATE UNIQUE INDEX "auth_user_groups_user_id_group_id_94350c0c_uniq" ON "auth_user_groups" ("user_id", "group_id");
CREATE INDEX IF NOT EXISTS "auth_user_groups_user_id_6a12ed8b" ON "auth_user_groups" ("user_id");
CREATE INDEX IF NOT EXISTS "auth_user_groups_group_id_97559544" ON "auth_user_groups" ("group_id");
CREATE UNIQUE INDEX "auth_user_user_permissions_user_id_permission_id_14a6b632_uniq" ON "auth_user_user_permissions" ("user_id", "permission_id");
CREATE INDEX IF NOT EXISTS "auth_user_user_permissions_user_id_a95ead1b" ON "auth_user_user_permissions" ("user_id");
CREATE INDEX IF NOT EXISTS "auth_user_user_permissions_permission_id_1fbb5f2c" ON "auth_user_user_permissions" ("permission_id");
CREATE INDEX IF NOT EXISTS "django_admin_log_content_type_id_c4bce8eb" ON "django_admin_log" ("content_type_id");
CREATE INDEX IF NOT EXISTS "django_admin_log_user_id_c564eba6" ON "django_admin_log" ("user_id");
CREATE UNIQUE INDEX "django_content_type_app_label_model_76bd3d3b_uniq" ON "django_content_type" ("app_label", "model");
CREATE UNIQUE INDEX "auth_permission_content_type_id_codename_01ab375a_uniq" ON "auth_permission" ("content_type_id", "codename");
CREATE INDEX IF NOT EXISTS "auth_permission_content_type_id_2f476e4b" ON "auth_permission" ("content_type_id");
CREATE INDEX IF NOT EXISTS "news_postcategory_fromCategory_id_abb9ca00" ON "news_postcategory" ("fromCategory_id");
CREATE INDEX IF NOT EXISTS "news_postcategory_fromPost_id_f1c38b44" ON "news_postcategory" ("fromPost_id");
CREATE INDEX IF NOT EXISTS "news_post_postAuthor_id_6a5dd7ff" ON "news_post" ("postAuthor_id");
CREATE INDEX IF NOT EXISTS "django_session_expire_date_a5c62663" ON "django_session" ("expire_date");
CREATE INDEX IF NOT EXISTS "news_comment_commentForPost_id_cab419c4" ON "news_comment" ("commentForPost_id");
CREATE INDEX IF NOT EXISTS "news_comment_commentUser_id_2d5f39b8" ON "news_comment" ("commentUser_id");
CREATE INDEX IF NOT EXISTS "django_flatpage_url_41612362" ON "django_flatpage" ("url");
CREATE UNIQUE INDEX "django_flatpage_sites_flatpage_id_site_id_0d29d9d1_uniq" ON "django_flatpage_sites" ("flatpage_id", "site_id");
CREATE INDEX IF NOT EXISTS "django_flatpage_sites_flatpage_id_078bbc8b" ON "django_flatpage_sites" ("flatpage_id");
CREATE INDEX IF NOT EXISTS "django_flatpage_sites_site_id_bfd8ea84" ON "django_flatpage_sites" ("site_id");
CREATE INDEX IF NOT EXISTS "account_emailconfirmation_email_address_id_5b7f8c58" ON "account_emailconfirmation" ("email_address_id");
CREATE UNIQUE INDEX "account_emailaddress_user_id_email_987c8728_uniq" ON "account_emailaddress" ("user_id", "email");
CREATE UNIQUE INDEX "unique_verified_email" ON "account_emailaddress" ("email") WHERE "verified";
CREATE INDEX IF NOT EXISTS "account_emailaddress_user_id_2c513194" ON "account_emailaddress" ("user_id");
CREATE INDEX IF NOT EXISTS "account_emailaddress_upper" ON "account_emailaddress" ((UPPER("email")));
CREATE UNIQUE INDEX "socialaccount_socialapp_sites_socialapp_id_site_id_71a9a768_uniq" ON "socialaccount_socialapp_sites" ("socialapp_id", "site_id");
CREATE INDEX IF NOT EXISTS "socialaccount_socialapp_sites_socialapp_id_97fb6e7d" ON "socialaccount_socialapp_sites" ("socialapp_id");
CREATE INDEX IF NOT EXISTS "socialaccount_socialapp_sites_site_id_2579dee5" ON "socialaccount_socialapp_sites" ("site_id");
CREATE UNIQUE INDEX "socialaccount_socialaccount_provider_uid_fc810c6e_uniq" ON "socialaccount_socialaccount" ("provider", "uid");
CREATE INDEX IF NOT EXISTS "socialaccount_socialaccount_user_id_8146e70c" ON "socialaccount_socialaccount" ("user_id");
CREATE UNIQUE INDEX "socialaccount_socialtoken_app_id_account_id_fca4e0ac_uniq" ON "socialaccount_socialtoken" ("app_id", "account_id");
CREATE INDEX IF NOT EXISTS "socialaccount_socialtoken_account_id_951f210e" ON "socialaccount_socialtoken" ("account_id");
CREATE INDEX IF NOT EXISTS "socialaccount_socialtoken_app_id_636a42d7" ON "socialaccount_socialtoken" ("app_id");
CREATE TABLE IF NOT EXISTS "django_migrations" ("id" integer NOT NULL PRIMARY KEY AUTOINCREMENT, "app" varchar(255) NOT NULL, "name" varchar(255) NOT NULL, "applied" datetime NOT NULL);
INSERT INTO "django_migrations" VALUES(1,'contenttypes','0001_initial','2023-10-12 22:01:48.701086');
INSERT INTO "django_migrations" VALUES(2,'auth','0001_initial','2023-10-12 22:01:48.919857');
INSERT INTO "django_migrations" VALUES(3,'admin','0001_initial','2023-10-12 22:01:49.091716');
INSERT INTO "django_migrations" VALUES(4,'admin','0002_logentry_remove_auto_add','2023-10-12 22:01:49.185433');
INSERT INTO "django_migrations" VALUES(5,'admin','0003_logentry_add_action_flag_choices','2023-10-12 22:01:49.263592');
INSERT INTO "django_migrations" VALUES(6,'contenttypes','0002_remove_content_type_name','2023-10-12 22:01:49.357306');
INSERT INTO "django_migrations" VALUES(7,'auth','0002_alter_permission_name_max_length','2023-10-12 22:01:49.482344');
INSERT INTO "django_migrations" VALUES(8,'auth','0003_alter_user_email_max_length','2023-10-12 22:01:49.560469');
INSERT INTO "django_migrations" VALUES(9,'auth','0004_alter_user_username_opts','2023-10-12 22:01:49.654221');
INSERT INTO "django_migrations" VALUES(10,'auth','0005_alter_user_last_login_null','2023-10-12 22:01:49.747939');
INSERT INTO "django_migrations" VALUES(11,'auth','0006_require_contenttypes_0002','2023-10-12 22:01:49.826098');
INSERT INTO "django_migrations" VALUES(12,'auth','0007_alter_validators_add_error_messages','2023-10-12 22:01:49.904181');
INSERT INTO "django_migrations" VALUES(13,'auth','0008_alter_user_username_max_length','2023-10-12 22:01:49.997974');
INSERT INTO "django_migrations" VALUES(14,'auth','0009_alter_user_last_name_max_length','2023-10-12 22:01:50.091693');
INSERT INTO "django_migrations" VALUES(15,'auth','0010_alter_group_name_max_length','2023-10-12 22:01:50.169850');
INSERT INTO "django_migrations" VALUES(16,'auth','0011_update_proxy_permissions','2023-10-12 22:01:50.247976');
INSERT INTO "django_migrations" VALUES(17,'auth','0012_alter_user_first_name_max_length','2023-10-12 22:01:50.341727');
INSERT INTO "django_migrations" VALUES(18,'news','0001_initial','2023-10-12 22:01:50.576105');
INSERT INTO "django_migrations" VALUES(19,'sessions','0001_initial','2023-10-12 22:01:50.747982');
INSERT INTO "django_migrations" VALUES(20,'news','0002_alter_comment_commentrating','2023-10-14 17:02:45.931493');
INSERT INTO "django_migrations" VALUES(21,'sites','0001_initial','2023-10-19 10:35:28.754445');
INSERT INTO "django_migrations" VALUES(22,'flatpages','0001_initial','2023-10-19 10:35:28.988817');
INSERT INTO "django_migrations" VALUES(23,'sites','0002_alter_domain_unique','2023-10-19 10:35:29.145086');
INSERT INTO "django_migrations" VALUES(24,'account','0001_initial','2023-10-24 21:07:26.900601');
INSERT INTO "django_migrations" VALUES(25,'account','0002_email_max_length','2023-10-24 21:07:26.951994');
INSERT INTO "django_migrations" VALUES(26,'account','0003_alter_emailaddress_create_unique_verified_email','2023-10-24 21:07:27.045766');
INSERT INTO "django_migrations" VALUES(27,'account','0004_alter_emailaddress_drop_unique_email','2023-10-24 21:07:27.140573');
INSERT INTO "django_migrations" VALUES(28,'account','0005_emailaddress_idx_upper_email','2023-10-24 21:07:27.266579');
INSERT INTO "django_migrations" VALUES(29,'socialaccount','0001_initial','2023-10-24 21:07:27.467757');
INSERT INTO "django_migrations" VALUES(30,'socialaccount','0002_token_max_lengths','2023-10-24 21:07:27.561362');
INSERT INTO "django_migrations" VALUES(31,'socialaccount','0003_extra_data_default_dict','2023-10-24 21:07:27.656153');
INSERT INTO "django_migrations" VALUES(32,'socialaccount','0004_app_provider_id_settings','2023-10-24 21:07:27.766596');
INSERT INTO "django_migrations" VALUES(33,'socialaccount','0005_socialtoken_nullable_app','2023-10-24 21:07:27.877014');
CREATE UNIQUE INDEX "auth_group_permissions_group_id_permission_id_0cd325b0_uniq" ON "auth_group_permissions" ("group_id", "permission_id");
CREATE INDEX IF NOT EXISTS "auth_group_permissions_group_id_b120cbf9" ON "auth_group_permissions" ("group_id");
CREATE INDEX IF NOT EXISTS "auth_group_permissions_permission_id_84c5c92e" ON "auth_group_permissions" ("permission_id");
CREATE UNIQUE INDEX "auth_user_groups_user_id_group_id_94350c0c_uniq" ON "auth_user_groups" ("user_id", "group_id");
CREATE INDEX IF NOT EXISTS "auth_user_groups_user_id_6a12ed8b" ON "auth_user_groups" ("user_id");
CREATE INDEX IF NOT EXISTS "auth_user_groups_group_id_97559544" ON "auth_user_groups" ("group_id");
CREATE UNIQUE INDEX "auth_user_user_permissions_user_id_permission_id_14a6b632_uniq" ON "auth_user_user_permissions" ("user_id", "permission_id");
CREATE INDEX IF NOT EXISTS "auth_user_user_permissions_user_id_a95ead1b" ON "auth_user_user_permissions" ("user_id");
CREATE INDEX IF NOT EXISTS "auth_user_user_permissions_permission_id_1fbb5f2c" ON "auth_user_user_permissions" ("permission_id");
CREATE INDEX IF NOT EXISTS "django_admin_log_content_type_id_c4bce8eb" ON "django_admin_log" ("content_type_id");
CREATE INDEX IF NOT EXISTS "django_admin_log_user_id_c564eba6" ON "django_admin_log" ("user_id");
CREATE UNIQUE INDEX "django_content_type_app_label_model_76bd3d3b_uniq" ON "django_content_type" ("app_label", "model");
CREATE UNIQUE INDEX "auth_permission_content_type_id_codename_01ab375a_uniq" ON "auth_permission" ("content_type_id", "codename");
CREATE INDEX IF NOT EXISTS "auth_permission_content_type_id_2f476e4b" ON "auth_permission" ("content_type_id");
CREATE INDEX IF NOT EXISTS "news_postcategory_fromCategory_id_abb9ca00" ON "news_postcategory" ("fromCategory_id");
CREATE INDEX IF NOT EXISTS "news_postcategory_fromPost_id_f1c38b44" ON "news_postcategory" ("fromPost_id");
CREATE INDEX IF NOT EXISTS "news_post_postAuthor_id_6a5dd7ff" ON "news_post" ("postAuthor_id");
CREATE INDEX IF NOT EXISTS "django_session_expire_date_a5c62663" ON "django_session" ("expire_date");
CREATE INDEX IF NOT EXISTS "news_comment_commentForPost_id_cab419c4" ON "news_comment" ("commentForPost_id");
CREATE INDEX IF NOT EXISTS "news_comment_commentUser_id_2d5f39b8" ON "news_comment" ("commentUser_id");
CREATE INDEX IF NOT EXISTS "django_flatpage_url_41612362" ON "django_flatpage" ("url");
CREATE UNIQUE INDEX "django_flatpage_sites_flatpage_id_site_id_0d29d9d1_uniq" ON "django_flatpage_sites" ("flatpage_id", "site_id");
CREATE INDEX IF NOT EXISTS "django_flatpage_sites_flatpage_id_078bbc8b" ON "django_flatpage_sites" ("flatpage_id");
CREATE INDEX IF NOT EXISTS "django_flatpage_sites_site_id_bfd8ea84" ON "django_flatpage_sites" ("site_id");
CREATE INDEX IF NOT EXISTS "account_emailconfirmation_email_address_id_5b7f8c58" ON "account_emailconfirmation" ("email_address_id");
CREATE UNIQUE INDEX "account_emailaddress_user_id_email_987c8728_uniq" ON "account_emailaddress" ("user_id", "email");
CREATE UNIQUE INDEX "unique_verified_email" ON "account_emailaddress" ("email") WHERE "verified";
CREATE INDEX IF NOT EXISTS "account_emailaddress_user_id_2c513194" ON "account_emailaddress" ("user_id");
CREATE INDEX IF NOT EXISTS "account_emailaddress_upper" ON "account_emailaddress" ((UPPER("email")));
CREATE UNIQUE INDEX "socialaccount_socialapp_sites_socialapp_id_site_id_71a9a768_uniq" ON "socialaccount_socialapp_sites" ("socialapp_id", "site_id");
CREATE INDEX IF NOT EXISTS "socialaccount_socialapp_sites_socialapp_id_97fb6e7d" ON "socialaccount_socialapp_sites" ("socialapp_id");
CREATE INDEX IF NOT EXISTS "socialaccount_socialapp_sites_site_id_2579dee5" ON "socialaccount_socialapp_sites" ("site_id");
CREATE UNIQUE INDEX "socialaccount_socialaccount_provider_uid_fc810c6e_uniq" ON "socialaccount_socialaccount" ("provider", "uid");
CREATE INDEX IF NOT EXISTS "socialaccount_socialaccount_user_id_8146e70c" ON "socialaccount_socialaccount" ("user_id");
CREATE UNIQUE INDEX "socialaccount_socialtoken_app_id_account_id_fca4e0ac_uniq" ON "socialaccount_socialtoken" ("app_id", "account_id");
CREATE INDEX IF NOT EXISTS "socialaccount_socialtoken_account_id_951f210e" ON "socialaccount_socialtoken" ("account_id");
CREATE INDEX IF NOT EXISTS "socialaccount_socialtoken_app_id_636a42d7" ON "socialaccount_socialtoken" ("app_id");
CREATE TABLE IF NOT EXISTS "django_session" ("session_key" varchar(40) NOT NULL PRIMARY KEY, "session_data" text NOT NULL, "expire_date" datetime NOT NULL);
INSERT INTO "django_session" VALUES('yol0ywif0d3jbghi0qzazl4qzc6fbgye','.eJxVjMsOwiAQRf-FtSEDTHm4dN9vIMOAUjU0Ke3K-O_apAvd3nPOfYlI21rj1ssSpyzOwojT75aIH6XtIN-p3WbJc1uXKcldkQftcpxzeV4O9--gUq_fGjKjcwODMsBFJ28tFAiBCFAP7CyqBMph8Q4Ve63NNVkgJEPIFEi8P79oNyA:1qsrgN:nNCB7kXWlMaTBKWNbYIyw5gM9IXyYF0JS0x3lFekH-4','2023-10-31 21:32:55.865423');
INSERT INTO "django_session" VALUES('5qok1ke9rws2cr06lpxzvw29c10iijuo','.eJxVjMsOwiAQRf-FtSEDTHm4dN9vIMOAUjU0Ke3K-O_apAvd3nPOfYlI21rj1ssSpyzOwojT75aIH6XtIN-p3WbJc1uXKcldkQftcpxzeV4O9--gUq_fGjKjcwODMsBFJ28tFAiBCFAP7CyqBMph8Q4Ve63NNVkgJEPIFEi8P79oNyA:1qtQNj:jNdGtihYKpmB-10BXAfjHOplRT43c4LecAVLHwMCz5g','2023-11-02 10:35:59.650042');
CREATE UNIQUE INDEX "auth_group_permissions_group_id_permission_id_0cd325b0_uniq" ON "auth_group_permissions" ("group_id", "permission_id");
CREATE INDEX IF NOT EXISTS "auth_group_permissions_group_id_b120cbf9" ON "auth_group_permissions" ("group_id");
CREATE INDEX IF NOT EXISTS "auth_group_permissions_permission_id_84c5c92e" ON "auth_group_permissions" ("permission_id");
CREATE UNIQUE INDEX "auth_user_groups_user_id_group_id_94350c0c_uniq" ON "auth_user_groups" ("user_id", "group_id");
CREATE INDEX IF NOT EXISTS "auth_user_groups_user_id_6a12ed8b" ON "auth_user_groups" ("user_id");
CREATE INDEX IF NOT EXISTS "auth_user_groups_group_id_97559544" ON "auth_user_groups" ("group_id");
CREATE UNIQUE INDEX "auth_user_user_permissions_user_id_permission_id_14a6b632_uniq" ON "auth_user_user_permissions" ("user_id", "permission_id");
CREATE INDEX IF NOT EXISTS "auth_user_user_permissions_user_id_a95ead1b" ON "auth_user_user_permissions" ("user_id");
CREATE INDEX IF NOT EXISTS "auth_user_user_permissions_permission_id_1fbb5f2c" ON "auth_user_user_permissions" ("permission_id");
CREATE INDEX IF NOT EXISTS "django_admin_log_content_type_id_c4bce8eb" ON "django_admin_log" ("content_type_id");
CREATE INDEX IF NOT EXISTS "django_admin_log_user_id_c564eba6" ON "django_admin_log" ("user_id");
CREATE UNIQUE INDEX "django_content_type_app_label_model_76bd3d3b_uniq" ON "django_content_type" ("app_label", "model");
CREATE UNIQUE INDEX "auth_permission_content_type_id_codename_01ab375a_uniq" ON "auth_permission" ("content_type_id", "codename");
CREATE INDEX IF NOT EXISTS "auth_permission_content_type_id_2f476e4b" ON "auth_permission" ("content_type_id");
CREATE INDEX IF NOT EXISTS "news_postcategory_fromCategory_id_abb9ca00" ON "news_postcategory" ("fromCategory_id");
CREATE INDEX IF NOT EXISTS "news_postcategory_fromPost_id_f1c38b44" ON "news_postcategory" ("fromPost_id");
CREATE INDEX IF NOT EXISTS "news_post_postAuthor_id_6a5dd7ff" ON "news_post" ("postAuthor_id");
CREATE INDEX IF NOT EXISTS "django_session_expire_date_a5c62663" ON "django_session" ("expire_date");
CREATE INDEX IF NOT EXISTS "news_comment_commentForPost_id_cab419c4" ON "news_comment" ("commentForPost_id");
CREATE INDEX IF NOT EXISTS "news_comment_commentUser_id_2d5f39b8" ON "news_comment" ("commentUser_id");
CREATE INDEX IF NOT EXISTS "django_flatpage_url_41612362" ON "django_flatpage" ("url");
CREATE UNIQUE INDEX "django_flatpage_sites_flatpage_id_site_id_0d29d9d1_uniq" ON "django_flatpage_sites" ("flatpage_id", "site_id");
CREATE INDEX IF NOT EXISTS "django_flatpage_sites_flatpage_id_078bbc8b" ON "django_flatpage_sites" ("flatpage_id");
CREATE INDEX IF NOT EXISTS "django_flatpage_sites_site_id_bfd8ea84" ON "django_flatpage_sites" ("site_id");
CREATE INDEX IF NOT EXISTS "account_emailconfirmation_email_address_id_5b7f8c58" ON "account_emailconfirmation" ("email_address_id");
CREATE UNIQUE INDEX "account_emailaddress_user_id_email_987c8728_uniq" ON "account_emailaddress" ("user_id", "email");
CREATE UNIQUE INDEX "unique_verified_email" ON "account_emailaddress" ("email") WHERE "verified";
CREATE INDEX IF NOT EXISTS "account_emailaddress_user_id_2c513194" ON "account_emailaddress" ("user_id");
CREATE INDEX IF NOT EXISTS "account_emailaddress_upper" ON "account_emailaddress" ((UPPER("email")));
CREATE UNIQUE INDEX "socialaccount_socialapp_sites_socialapp_id_site_id_71a9a768_uniq" ON "socialaccount_socialapp_sites" ("socialapp_id", "site_id");
CREATE INDEX IF NOT EXISTS "socialaccount_socialapp_sites_socialapp_id_97fb6e7d" ON "socialaccount_socialapp_sites" ("socialapp_id");
CREATE INDEX IF NOT EXISTS "socialaccount_socialapp_sites_site_id_2579dee5" ON "socialaccount_socialapp_sites" ("site_id");
CREATE UNIQUE INDEX "socialaccount_socialaccount_provider_uid_fc810c6e_uniq" ON "socialaccount_socialaccount" ("provider", "uid");
CREATE INDEX IF NOT EXISTS "socialaccount_socialaccount_user_id_8146e70c" ON "socialaccount_socialaccount" ("user_id");
CREATE UNIQUE INDEX "socialaccount_socialtoken_app_id_account_id_fca4e0ac_uniq" ON "socialaccount_socialtoken" ("app_id", "account_id");
CREATE INDEX IF NOT EXISTS "socialaccount_socialtoken_account_id_951f210e" ON "socialaccount_socialtoken" ("account_id");
CREATE INDEX IF NOT EXISTS "socialaccount_socialtoken_app_id_636a42d7" ON "socialaccount_socialtoken" ("app_id");
CREATE TABLE IF NOT EXISTS "django_site" ("id" integer NOT NULL PRIMARY KEY AUTOINCREMENT, "name" varchar(50) NOT NULL, "domain" varchar(100) NOT NULL UNIQUE);
INSERT INTO "django_site" VALUES(1,'example.com','127.0.0.1');
CREATE UNIQUE INDEX "auth_group_permissions_group_id_permission_id_0cd325b0_uniq" ON "auth_group_permissions" ("group_id", "permission_id");
CREATE INDEX IF NOT EXISTS "auth_group_permissions_group_id_b120cbf9" ON "auth_group_permissions" ("group_id");
CREATE INDEX IF NOT EXISTS "auth_group_permissions_permission_id_84c5c92e" ON "auth_group_permissions" ("permission_id");
CREATE UNIQUE INDEX "auth_user_groups_user_id_group_id_94350c0c_uniq" ON "auth_user_groups" ("user_id", "group_id");
CREATE INDEX IF NOT EXISTS "auth_user_groups_user_id_6a12ed8b" ON "auth_user_groups" ("user_id");
CREATE INDEX IF NOT EXISTS "auth_user_groups_group_id_97559544" ON "auth_user_groups" ("group_id");
CREATE UNIQUE INDEX "auth_user_user_permissions_user_id_permission_id_14a6b632_uniq" ON "auth_user_user_permissions" ("user_id", "permission_id");
CREATE INDEX IF NOT EXISTS "auth_user_user_permissions_user_id_a95ead1b" ON "auth_user_user_permissions" ("user_id");
CREATE INDEX IF NOT EXISTS "auth_user_user_permissions_permission_id_1fbb5f2c" ON "auth_user_user_permissions" ("permission_id");
CREATE INDEX IF NOT EXISTS "django_admin_log_content_type_id_c4bce8eb" ON "django_admin_log" ("content_type_id");
CREATE INDEX IF NOT EXISTS "django_admin_log_user_id_c564eba6" ON "django_admin_log" ("user_id");
CREATE UNIQUE INDEX "django_content_type_app_label_model_76bd3d3b_uniq" ON "django_content_type" ("app_label", "model");
CREATE UNIQUE INDEX "auth_permission_content_type_id_codename_01ab375a_uniq" ON "auth_permission" ("content_type_id", "codename");
CREATE INDEX IF NOT EXISTS "auth_permission_content_type_id_2f476e4b" ON "auth_permission" ("content_type_id");
CREATE INDEX IF NOT EXISTS "news_postcategory_fromCategory_id_abb9ca00" ON "news_postcategory" ("fromCategory_id");
CREATE INDEX IF NOT EXISTS "news_postcategory_fromPost_id_f1c38b44" ON "news_postcategory" ("fromPost_id");
CREATE INDEX IF NOT EXISTS "news_post_postAuthor_id_6a5dd7ff" ON "news_post" ("postAuthor_id");
CREATE INDEX IF NOT EXISTS "django_session_expire_date_a5c62663" ON "django_session" ("expire_date");
CREATE INDEX IF NOT EXISTS "news_comment_commentForPost_id_cab419c4" ON "news_comment" ("commentForPost_id");
CREATE INDEX IF NOT EXISTS "news_comment_commentUser_id_2d5f39b8" ON "news_comment" ("commentUser_id");
CREATE INDEX IF NOT EXISTS "django_flatpage_url_41612362" ON "django_flatpage" ("url");
CREATE UNIQUE INDEX "django_flatpage_sites_flatpage_id_site_id_0d29d9d1_uniq" ON "django_flatpage_sites" ("flatpage_id", "site_id");
CREATE INDEX IF NOT EXISTS "django_flatpage_sites_flatpage_id_078bbc8b" ON "django_flatpage_sites" ("flatpage_id");
CREATE INDEX IF NOT EXISTS "django_flatpage_sites_site_id_bfd8ea84" ON "django_flatpage_sites" ("site_id");
CREATE INDEX IF NOT EXISTS "account_emailconfirmation_email_address_id_5b7f8c58" ON "account_emailconfirmation" ("email_address_id");
CREATE UNIQUE INDEX "account_emailaddress_user_id_email_987c8728_uniq" ON "account_emailaddress" ("user_id", "email");
CREATE UNIQUE INDEX "unique_verified_email" ON "account_emailaddress" ("email") WHERE "verified";
CREATE INDEX IF NOT EXISTS "account_emailaddress_user_id_2c513194" ON "account_emailaddress" ("user_id");
CREATE INDEX IF NOT EXISTS "account_emailaddress_upper" ON "account_emailaddress" ((UPPER("email")));
CREATE UNIQUE INDEX "socialaccount_socialapp_sites_socialapp_id_site_id_71a9a768_uniq" ON "socialaccount_socialapp_sites" ("socialapp_id", "site_id");
CREATE INDEX IF NOT EXISTS "socialaccount_socialapp_sites_socialapp_id_97fb6e7d" ON "socialaccount_socialapp_sites" ("socialapp_id");
CREATE INDEX IF NOT EXISTS "socialaccount_socialapp_sites_site_id_2579dee5" ON "socialaccount_socialapp_sites" ("site_id");
CREATE UNIQUE INDEX "socialaccount_socialaccount_provider_uid_fc810c6e_uniq" ON "socialaccount_socialaccount" ("provider", "uid");
CREATE INDEX IF NOT EXISTS "socialaccount_socialaccount_user_id_8146e70c" ON "socialaccount_socialaccount" ("user_id");
CREATE UNIQUE INDEX "socialaccount_socialtoken_app_id_account_id_fca4e0ac_uniq" ON "socialaccount_socialtoken" ("app_id", "account_id");
CREATE INDEX IF NOT EXISTS "socialaccount_socialtoken_account_id_951f210e" ON "socialaccount_socialtoken" ("account_id");
CREATE INDEX IF NOT EXISTS "socialaccount_socialtoken_app_id_636a42d7" ON "socialaccount_socialtoken" ("app_id");
CREATE TABLE IF NOT EXISTS "news_author" ("id" integer NOT NULL PRIMARY KEY AUTOINCREMENT, "authorRating" smallint NOT NULL, "authorUser_id" integer NOT NULL UNIQUE REFERENCES "auth_user" ("id") DEFERRABLE INITIALLY DEFERRED);
INSERT INTO "news_author" VALUES(1,16,1);
INSERT INTO "news_author" VALUES(2,18,2);
CREATE UNIQUE INDEX "auth_group_permissions_group_id_permission_id_0cd325b0_uniq" ON "auth_group_permissions" ("group_id", "permission_id");
CREATE INDEX IF NOT EXISTS "auth_group_permissions_group_id_b120cbf9" ON "auth_group_permissions" ("group_id");
CREATE INDEX IF NOT EXISTS "auth_group_permissions_permission_id_84c5c92e" ON "auth_group_permissions" ("permission_id");
CREATE UNIQUE INDEX "auth_user_groups_user_id_group_id_94350c0c_uniq" ON "auth_user_groups" ("user_id", "group_id");
CREATE INDEX IF NOT EXISTS "auth_user_groups_user_id_6a12ed8b" ON "auth_user_groups" ("user_id");
CREATE INDEX IF NOT EXISTS "auth_user_groups_group_id_97559544" ON "auth_user_groups" ("group_id");
CREATE UNIQUE INDEX "auth_user_user_permissions_user_id_permission_id_14a6b632_uniq" ON "auth_user_user_permissions" ("user_id", "permission_id");
CREATE INDEX IF NOT EXISTS "auth_user_user_permissions_user_id_a95ead1b" ON "auth_user_user_permissions" ("user_id");
CREATE INDEX IF NOT EXISTS "auth_user_user_permissions_permission_id_1fbb5f2c" ON "auth_user_user_permissions" ("permission_id");
CREATE INDEX IF NOT EXISTS "django_admin_log_content_type_id_c4bce8eb" ON "django_admin_log" ("content_type_id");
CREATE INDEX IF NOT EXISTS "django_admin_log_user_id_c564eba6" ON "django_admin_log" ("user_id");
CREATE UNIQUE INDEX "django_content_type_app_label_model_76bd3d3b_uniq" ON "django_content_type" ("app_label", "model");
CREATE UNIQUE INDEX "auth_permission_content_type_id_codename_01ab375a_uniq" ON "auth_permission" ("content_type_id", "codename");
CREATE INDEX IF NOT EXISTS "auth_permission_content_type_id_2f476e4b" ON "auth_permission" ("content_type_id");
CREATE INDEX IF NOT EXISTS "news_postcategory_fromCategory_id_abb9ca00" ON "news_postcategory" ("fromCategory_id");
CREATE INDEX IF NOT EXISTS "news_postcategory_fromPost_id_f1c38b44" ON "news_postcategory" ("fromPost_id");
CREATE INDEX IF NOT EXISTS "news_post_postAuthor_id_6a5dd7ff" ON "news_post" ("postAuthor_id");
CREATE INDEX IF NOT EXISTS "django_session_expire_date_a5c62663" ON "django_session" ("expire_date");
CREATE INDEX IF NOT EXISTS "news_comment_commentForPost_id_cab419c4" ON "news_comment" ("commentForPost_id");
CREATE INDEX IF NOT EXISTS "news_comment_commentUser_id_2d5f39b8" ON "news_comment" ("commentUser_id");
CREATE INDEX IF NOT EXISTS "django_flatpage_url_41612362" ON "django_flatpage" ("url");
CREATE UNIQUE INDEX "django_flatpage_sites_flatpage_id_site_id_0d29d9d1_uniq" ON "django_flatpage_sites" ("flatpage_id", "site_id");
CREATE INDEX IF NOT EXISTS "django_flatpage_sites_flatpage_id_078bbc8b" ON "django_flatpage_sites" ("flatpage_id");
CREATE INDEX IF NOT EXISTS "django_flatpage_sites_site_id_bfd8ea84" ON "django_flatpage_sites" ("site_id");
CREATE INDEX IF NOT EXISTS "account_emailconfirmation_email_address_id_5b7f8c58" ON "account_emailconfirmation" ("email_address_id");
CREATE UNIQUE INDEX "account_emailaddress_user_id_email_987c8728_uniq" ON "account_emailaddress" ("user_id", "email");
CREATE UNIQUE INDEX "unique_verified_email" ON "account_emailaddress" ("email") WHERE "verified";
CREATE INDEX IF NOT EXISTS "account_emailaddress_user_id_2c513194" ON "account_emailaddress" ("user_id");
CREATE INDEX IF NOT EXISTS "account_emailaddress_upper" ON "account_emailaddress" ((UPPER("email")));
CREATE UNIQUE INDEX "socialaccount_socialapp_sites_socialapp_id_site_id_71a9a768_uniq" ON "socialaccount_socialapp_sites" ("socialapp_id", "site_id");
CREATE INDEX IF NOT EXISTS "socialaccount_socialapp_sites_socialapp_id_97fb6e7d" ON "socialaccount_socialapp_sites" ("socialapp_id");
CREATE INDEX IF NOT EXISTS "socialaccount_socialapp_sites_site_id_2579dee5" ON "socialaccount_socialapp_sites" ("site_id");
CREATE UNIQUE INDEX "socialaccount_socialaccount_provider_uid_fc810c6e_uniq" ON "socialaccount_socialaccount" ("provider", "uid");
CREATE INDEX IF NOT EXISTS "socialaccount_socialaccount_user_id_8146e70c" ON "socialaccount_socialaccount" ("user_id");
CREATE UNIQUE INDEX "socialaccount_socialtoken_app_id_account_id_fca4e0ac_uniq" ON "socialaccount_socialtoken" ("app_id", "account_id");
CREATE INDEX IF NOT EXISTS "socialaccount_socialtoken_account_id_951f210e" ON "socialaccount_socialtoken" ("account_id");
CREATE INDEX IF NOT EXISTS "socialaccount_socialtoken_app_id_636a42d7" ON "socialaccount_socialtoken" ("app_id");
CREATE TABLE IF NOT EXISTS "news_category" ("id" integer NOT NULL PRIMARY KEY AUTOINCREMENT, "categoryName" varchar(64) NOT NULL UNIQUE);
INSERT INTO "news_category" VALUES(1,'Бизнес и экономика');
INSERT INTO "news_category" VALUES(2,'Наука и технологии');
INSERT INTO "news_category" VALUES(3,'Образование и вакансии');
INSERT INTO "news_category" VALUES(4,'Образ жизни и здоровье');
CREATE UNIQUE INDEX "auth_group_permissions_group_id_permission_id_0cd325b0_uniq" ON "auth_group_permissions" ("group_id", "permission_id");
CREATE INDEX IF NOT EXISTS "auth_group_permissions_group_id_b120cbf9" ON "auth_group_permissions" ("group_id");
CREATE INDEX IF NOT EXISTS "auth_group_permissions_permission_id_84c5c92e" ON "auth_group_permissions" ("permission_id");
CREATE UNIQUE INDEX "auth_user_groups_user_id_group_id_94350c0c_uniq" ON "auth_user_groups" ("user_id", "group_id");
CREATE INDEX IF NOT EXISTS "auth_user_groups_user_id_6a12ed8b" ON "auth_user_groups" ("user_id");
CREATE INDEX IF NOT EXISTS "auth_user_groups_group_id_97559544" ON "auth_user_groups" ("group_id");
CREATE UNIQUE INDEX "auth_user_user_permissions_user_id_permission_id_14a6b632_uniq" ON "auth_user_user_permissions" ("user_id", "permission_id");
CREATE INDEX IF NOT EXISTS "auth_user_user_permissions_user_id_a95ead1b" ON "auth_user_user_permissions" ("user_id");
CREATE INDEX IF NOT EXISTS "auth_user_user_permissions_permission_id_1fbb5f2c" ON "auth_user_user_permissions" ("permission_id");
CREATE INDEX IF NOT EXISTS "django_admin_log_content_type_id_c4bce8eb" ON "django_admin_log" ("content_type_id");
CREATE INDEX IF NOT EXISTS "django_admin_log_user_id_c564eba6" ON "django_admin_log" ("user_id");
CREATE UNIQUE INDEX "django_content_type_app_label_model_76bd3d3b_uniq" ON "django_content_type" ("app_label", "model");
CREATE UNIQUE INDEX "auth_permission_content_type_id_codename_01ab375a_uniq" ON "auth_permission" ("content_type_id", "codename");
CREATE INDEX IF NOT EXISTS "auth_permission_content_type_id_2f476e4b" ON "auth_permission" ("content_type_id");
CREATE INDEX IF NOT EXISTS "news_postcategory_fromCategory_id_abb9ca00" ON "news_postcategory" ("fromCategory_id");
CREATE INDEX IF NOT EXISTS "news_postcategory_fromPost_id_f1c38b44" ON "news_postcategory" ("fromPost_id");
CREATE INDEX IF NOT EXISTS "news_post_postAuthor_id_6a5dd7ff" ON "news_post" ("postAuthor_id");
CREATE INDEX IF NOT EXISTS "django_session_expire_date_a5c62663" ON "django_session" ("expire_date");
CREATE INDEX IF NOT EXISTS "news_comment_commentForPost_id_cab419c4" ON "news_comment" ("commentForPost_id");
CREATE INDEX IF NOT EXISTS "news_comment_commentUser_id_2d5f39b8" ON "news_comment" ("commentUser_id");
CREATE INDEX IF NOT EXISTS "django_flatpage_url_41612362" ON "django_flatpage" ("url");
CREATE UNIQUE INDEX "django_flatpage_sites_flatpage_id_site_id_0d29d9d1_uniq" ON "django_flatpage_sites" ("flatpage_id", "site_id");
CREATE INDEX IF NOT EXISTS "django_flatpage_sites_flatpage_id_078bbc8b" ON "django_flatpage_sites" ("flatpage_id");
CREATE INDEX IF NOT EXISTS "django_flatpage_sites_site_id_bfd8ea84" ON "django_flatpage_sites" ("site_id");
CREATE INDEX IF NOT EXISTS "account_emailconfirmation_email_address_id_5b7f8c58" ON "account_emailconfirmation" ("email_address_id");
CREATE UNIQUE INDEX "account_emailaddress_user_id_email_987c8728_uniq" ON "account_emailaddress" ("user_id", "email");
CREATE UNIQUE INDEX "unique_verified_email" ON "account_emailaddress" ("email") WHERE "verified";
CREATE INDEX IF NOT EXISTS "account_emailaddress_user_id_2c513194" ON "account_emailaddress" ("user_id");
CREATE INDEX IF NOT EXISTS "account_emailaddress_upper" ON "account_emailaddress" ((UPPER("email")));
CREATE UNIQUE INDEX "socialaccount_socialapp_sites_socialapp_id_site_id_71a9a768_uniq" ON "socialaccount_socialapp_sites" ("socialapp_id", "site_id");
CREATE INDEX IF NOT EXISTS "socialaccount_socialapp_sites_socialapp_id_97fb6e7d" ON "socialaccount_socialapp_sites" ("socialapp_id");
CREATE INDEX IF NOT EXISTS "socialaccount_socialapp_sites_site_id_2579dee5" ON "socialaccount_socialapp_sites" ("site_id");
CREATE UNIQUE INDEX "socialaccount_socialaccount_provider_uid_fc810c6e_uniq" ON "socialaccount_socialaccount" ("provider", "uid");
CREATE INDEX IF NOT EXISTS "socialaccount_socialaccount_user_id_8146e70c" ON "socialaccount_socialaccount" ("user_id");
CREATE UNIQUE INDEX "socialaccount_socialtoken_app_id_account_id_fca4e0ac_uniq" ON "socialaccount_socialtoken" ("app_id", "account_id");
CREATE INDEX IF NOT EXISTS "socialaccount_socialtoken_account_id_951f210e" ON "socialaccount_socialtoken" ("account_id");
CREATE INDEX IF NOT EXISTS "socialaccount_socialtoken_app_id_636a42d7" ON "socialaccount_socialtoken" ("app_id");
CREATE TABLE IF NOT EXISTS "news_comment" ("id" integer NOT NULL PRIMARY KEY AUTOINCREMENT, "commentText" text NOT NULL, "commentCreated" datetime NOT NULL, "commentForPost_id" bigint NOT NULL REFERENCES "news_post" ("id") DEFERRABLE INITIALLY DEFERRED, "commentUser_id" integer NOT NULL REFERENCES "auth_user" ("id") DEFERRABLE INITIALLY DEFERRED, "commentRating" smallint NOT NULL);
INSERT INTO "news_comment" VALUES(1,'Комментарий 1. К статье 1 автора 1 - 1-ый коммент. Автор коммента: пользователь 2 = автор 2. Отличный текст!','2023-10-13 22:05:57.178720',1,2,4);
INSERT INTO "news_comment" VALUES(2,'Комментарий 2. К статье 2 автора 2 - 1-ый коммент. Автор коммента: пользователь 1 = автор 1. Вопрос автору.','2023-10-13 22:06:09.568542',2,1,1);
INSERT INTO "news_comment" VALUES(3,'Комментарий 3. К статье 2 автора 2 - 2-ой коммент. Автор коммента: пользователь 2 = автор 2. Ответ автора.','2023-10-13 22:06:22.016976',2,2,4);
INSERT INTO "news_comment" VALUES(4,'Комментарий 4. К новости 1 автора 1 - 1-ый коммент. Автор коммента: пользователь 2 = автор 2. Текст мог быть получше.','2023-10-13 22:06:33.072715',3,2,-1);
CREATE UNIQUE INDEX "auth_group_permissions_group_id_permission_id_0cd325b0_uniq" ON "auth_group_permissions" ("group_id", "permission_id");
CREATE INDEX IF NOT EXISTS "auth_group_permissions_group_id_b120cbf9" ON "auth_group_permissions" ("group_id");
CREATE INDEX IF NOT EXISTS "auth_group_permissions_permission_id_84c5c92e" ON "auth_group_permissions" ("permission_id");
CREATE UNIQUE INDEX "auth_user_groups_user_id_group_id_94350c0c_uniq" ON "auth_user_groups" ("user_id", "group_id");
CREATE INDEX IF NOT EXISTS "auth_user_groups_user_id_6a12ed8b" ON "auth_user_groups" ("user_id");
CREATE INDEX IF NOT EXISTS "auth_user_groups_group_id_97559544" ON "auth_user_groups" ("group_id");
CREATE UNIQUE INDEX "auth_user_user_permissions_user_id_permission_id_14a6b632_uniq" ON "auth_user_user_permissions" ("user_id", "permission_id");
CREATE INDEX IF NOT EXISTS "auth_user_user_permissions_user_id_a95ead1b" ON "auth_user_user_permissions" ("user_id");
CREATE INDEX IF NOT EXISTS "auth_user_user_permissions_permission_id_1fbb5f2c" ON "auth_user_user_permissions" ("permission_id");
CREATE INDEX IF NOT EXISTS "django_admin_log_content_type_id_c4bce8eb" ON "django_admin_log" ("content_type_id");
CREATE INDEX IF NOT EXISTS "django_admin_log_user_id_c564eba6" ON "django_admin_log" ("user_id");
CREATE UNIQUE INDEX "django_content_type_app_label_model_76bd3d3b_uniq" ON "django_content_type" ("app_label", "model");
CREATE UNIQUE INDEX "auth_permission_content_type_id_codename_01ab375a_uniq" ON "auth_permission" ("content_type_id", "codename");
CREATE INDEX IF NOT EXISTS "auth_permission_content_type_id_2f476e4b" ON "auth_permission" ("content_type_id");
CREATE INDEX IF NOT EXISTS "news_postcategory_fromCategory_id_abb9ca00" ON "news_postcategory" ("fromCategory_id");
CREATE INDEX IF NOT EXISTS "news_postcategory_fromPost_id_f1c38b44" ON "news_postcategory" ("fromPost_id");
CREATE INDEX IF NOT EXISTS "news_post_postAuthor_id_6a5dd7ff" ON "news_post" ("postAuthor_id");
CREATE INDEX IF NOT EXISTS "django_session_expire_date_a5c62663" ON "django_session" ("expire_date");
CREATE INDEX IF NOT EXISTS "news_comment_commentForPost_id_cab419c4" ON "news_comment" ("commentForPost_id");
CREATE INDEX IF NOT EXISTS "news_comment_commentUser_id_2d5f39b8" ON "news_comment" ("commentUser_id");
CREATE INDEX IF NOT EXISTS "django_flatpage_url_41612362" ON "django_flatpage" ("url");
CREATE UNIQUE INDEX "django_flatpage_sites_flatpage_id_site_id_0d29d9d1_uniq" ON "django_flatpage_sites" ("flatpage_id", "site_id");
CREATE INDEX IF NOT EXISTS "django_flatpage_sites_flatpage_id_078bbc8b" ON "django_flatpage_sites" ("flatpage_id");
CREATE INDEX IF NOT EXISTS "django_flatpage_sites_site_id_bfd8ea84" ON "django_flatpage_sites" ("site_id");
CREATE INDEX IF NOT EXISTS "account_emailconfirmation_email_address_id_5b7f8c58" ON "account_emailconfirmation" ("email_address_id");
CREATE UNIQUE INDEX "account_emailaddress_user_id_email_987c8728_uniq" ON "account_emailaddress" ("user_id", "email");
CREATE UNIQUE INDEX "unique_verified_email" ON "account_emailaddress" ("email") WHERE "verified";
CREATE INDEX IF NOT EXISTS "account_emailaddress_user_id_2c513194" ON "account_emailaddress" ("user_id");
CREATE INDEX IF NOT EXISTS "account_emailaddress_upper" ON "account_emailaddress" ((UPPER("email")));
CREATE UNIQUE INDEX "socialaccount_socialapp_sites_socialapp_id_site_id_71a9a768_uniq" ON "socialaccount_socialapp_sites" ("socialapp_id", "site_id");
CREATE INDEX IF NOT EXISTS "socialaccount_socialapp_sites_socialapp_id_97fb6e7d" ON "socialaccount_socialapp_sites" ("socialapp_id");
CREATE INDEX IF NOT EXISTS "socialaccount_socialapp_sites_site_id_2579dee5" ON "socialaccount_socialapp_sites" ("site_id");
CREATE UNIQUE INDEX "socialaccount_socialaccount_provider_uid_fc810c6e_uniq" ON "socialaccount_socialaccount" ("provider", "uid");
CREATE INDEX IF NOT EXISTS "socialaccount_socialaccount_user_id_8146e70c" ON "socialaccount_socialaccount" ("user_id");
CREATE UNIQUE INDEX "socialaccount_socialtoken_app_id_account_id_fca4e0ac_uniq" ON "socialaccount_socialtoken" ("app_id", "account_id");
CREATE INDEX IF NOT EXISTS "socialaccount_socialtoken_account_id_951f210e" ON "socialaccount_socialtoken" ("account_id");
CREATE INDEX IF NOT EXISTS "socialaccount_socialtoken_app_id_636a42d7" ON "socialaccount_socialtoken" ("app_id");
CREATE TABLE IF NOT EXISTS "news_post" ("id" integer NOT NULL PRIMARY KEY AUTOINCREMENT, "post_type" varchar(1) NOT NULL, "postCreated" datetime NOT NULL, "postTitle" varchar(128) NOT NULL, "postText" text NOT NULL, "postRating" smallint NOT NULL, "postAuthor_id" bigint NOT NULL REFERENCES "news_author" ("id") DEFERRABLE INITIALLY DEFERRED);
INSERT INTO "news_post" VALUES(1,'A','2023-10-13 21:47:22.027126','Статья 1. Автор 1. Какой язык программирования изучать в 2023 году','<p style="text-align: justify;">В мире информационных технологий постоянно появляются новые языки программирования, и выбрать тот, который будет наиболее полезным и востребованным в ближайшие годы, может быть сложной задачей.</p>
<p style="text-align: justify;">В 2023 году, когда спрос на программистов растет по экспоненте, и средняя зарплата разработчиков увеличивается на 7-13%, востребованность определенных языков программирования остается важным фактором для выбора направления обучения.</p>
<p style="text-align: justify;">Среди востребованных языков в 2023 году можно выделить <strong>JavaScript, TypeScript, Java, Go</strong> и <strong>Python</strong>. Эти языки обладают гибкостью и могут быть использованы для создания различных приложений, что позволяет разработчикам на этом языке всегда оставаться востребованными на рынке.</p>
<p style="text-align: justify;">Важно помнить, что выбор языка программирования должен быть обусловлен не только его популярностью и востребованностью, но и вашими интересами и целями в программировании. Следует изучать не только языки, но и принципы и методологии программирования, которые помогут вам стать более эффективным разработчиком.</p>',5,1);
INSERT INTO "news_post" VALUES(2,'A','2023-10-13 21:47:33.295819','Статья 2. Автор 2. Пять самых важных привычек для здорового образа жизни','<p style="text-align: justify;"><strong>Здоровый образ жизни</strong> - это не просто отсутствие болезней, это состояние, когда наш организм функционирует на максимальной эффективности, обеспечивая нам удовлетворение от жизни и умение наслаждаться каждым днем. В этом контексте, привычки играют ключевую роль. Они помогают нам поддерживать поддерживать здоровье и энергию на протяжении всей жизни.</p>
<p style="text-align: justify;"><strong>Топ-5 важнейших привычек</strong>, которые могут помочь нам создать и поддерживать здоровый образ жизни:</p>
<ol style="text-align: justify;">
<li><strong>Регулярный сон</strong>: Недостаток сна может негативно сказываться на нашем здоровье. Старайтесь спать хотя бы 7-8 часов в день. Регулярный сон помогает восстанавливать энергию и поддерживать нормальную работу организма.</li>
<li><strong>Здоровое питание</strong>: Старайтесь употреблять меньше продуктов с искусственными добавками, сладких и жареных блюд. Вместо этого, употребляйте больше свежих овощей, ягод и фруктов, полезных белков и здоровых жиров, например, рыбу типа лосося. Пейте достаточно жидкости - в сутки около 1,5 литра чистой воды (можно с лимоном или травами). Важно: прием пищи должен быть не позже, чем за 3-4 часа до отхода ко сну.</li>
<li><strong>Избавление от вредных привычек и замена их на полезные</strong>: Чтобы избавиться от курения и употребления алкоголя, замените эти вредные привычки полезной активностью. Например, занятия спортом или йогой могут помочь вам снять стресс и отвлечься от желания курить. Исследование учёных из Университета Буффало (США), доказало: чем больше овощей и фруктов потребляет человек, тем легче он переносит отказ от курения. Также вместо курения можно пить воду. Так мы обманываем организм: ему начинает казаться, будто желаемое он уже получил, а потому сигарета вроде как неактуальна.</li>
<li><strong>Поддержка эмоционального благополучия</strong>: Стресс и негативные эмоции могут оказывать отрицательное влияние на здоровье. Постарайтесь находить время для релаксации, заниматься хобби, общаться с близкими людьми и делать то, что приносит вам радость и удовлетворение.</li>
<li><strong>Регулярные физические упражнения</strong>: Упражнения помогают поддерживать физическую форму и мышцы в тонусе. Рекомендуется заниматься физическими активностями хотя бы 30 минут в день. Это может быть занятие в тренажерном зале, пробежка или даже просто прогулка на свежем воздухе.</li>
</ol>
<p style="text-align: justify;">Выработка хороших привычек требует значительного труда. Однако, соблюдение этих привычек поможет вам создать и поддерживать здоровый образ жизни. Помните, что <strong>здоровье - это самое ценное</strong>, что у нас есть, и мы должны заботиться о нем каждый день. <strong>Внесите эти привычки в свою жизнь и наслаждайтесь полноценной и здоровой жизнью!</strong></p>',2,2);
INSERT INTO "news_post" VALUES(3,'N','2023-10-13 21:48:17.309025','Новость 1. Автор 1. Информационные технологии преобразуют обучение и экономику в 2023 году','<p style="text-align: justify;"><strong>В октябре 2023 года</strong> информационные технологии продолжают играть ключевую роль в обучении и экономике. С появлением новых инноваций и тенденций, мы видим, как эти технологии влияют на нашу жизнь и работу всё больше.</p>
<h3 style="text-align: justify;">Информационные технологии и обучение</h3>
<p style="text-align: justify;">В образовании информационные технологии открывают новые горизонты. Они позволяют создавать интерактивные уроки и обучающие платформы, которые могут адаптироваться под индивидуальные потребности каждого студента. Кроме того, технологии также помогают в организации дистанционного обучения, что становится всё более важным в условиях ограничений (например, при невозможности поехать в нужную образовательную организацию).</p>
<h3 style="text-align: justify;">Информационные технологии и экономика</h3>
<p style="text-align: justify;">В экономической сфере информационные технологии приводят к созданию новых возможностей для бизнеса. Они помогают в управлении бизнес-процессами, анализе данных и принятии решений. Кроме того, они стимулируют рост новых отраслей, таких как интернет вещей и облачные технологии, которые создают новые рабочие места и возможности для инвестиций.</p>
<p style="text-align: justify;">Таким образом, в целом, информационные технологии предоставляют новые возможности для обучения и развития бизнеса, но также представляют и вызовы. <strong>Важно постоянно развиваться и адаптироваться к новым тенденциям, чтобы максимизировать преимущества применения информационных технологий.</strong></p>',-1,1);
INSERT INTO "news_post" VALUES(19,'N','2023-10-21 20:57:57.734559','Новость 2. Автор 2. Мышь прямиком из будущего','<p style="text-align: justify;">Устройство размером с флешку надевается на <strong>палец</strong> и он <strong>становится мышкой</strong> - курсор будет следовать туда, куда покажет палец, а тачпад послужит кнопками.</p>
<p style="text-align: justify;">Также подвезли управление жестами, например, на телевизорах, компьютерах или смартфонах и даже в дополненной реальности.</p>
<p style="text-align: justify;">Цена за устройсто будет около <strong>6700 рублей</strong>.</p>',0,2);
INSERT INTO "news_post" VALUES(20,'N','2023-10-21 21:00:12.773626','Новость 3. Автор 2. Новый вид стрит-арта','<p style="text-align: justify;">Японцы делают <strong>из крышек канализационных люков</strong> нечто крутое.</p>
<p style="text-align: justify;">Городские власти Японии разработали уникальный дизайн люка для каждого района и округа. Коллекционеры могут приобретать необычные люки, тем самым пополняя городской бюджет.</p>',0,2);
INSERT INTO "news_post" VALUES(21,'N','2023-10-21 21:01:21.074996','Новость 4. Автор 1. Микродом для котиков','<p style="text-align: justify;">Китаец построил <strong>микродом для котиков</strong> с окнами внутри. В доме есть лифт, настоящий телевизор, спальни с кроватями, гостиные, туалет и даже душ с водопроводом.</p>',0,1);
INSERT INTO "news_post" VALUES(22,'N','2023-10-21 21:05:26.677022','Новость 5. Автор 1. Киберпанк уже близко?!','<p style="text-align: justify;">В экосистеме Amazon уже функционирует более 750 тысяч роботов. Все они помогают персоналу и освобождают сотрудников для выполнения более сложных задач.</p>
<p style="text-align: justify;">Смогут ли роботы и ИИ оставить нас без работы?</p>',0,1);
INSERT INTO "news_post" VALUES(23,'N','2023-10-21 21:07:02.844918','Новость 6. Автор 2. Твиттер станет платным','<p style="text-align: justify;">Илон Маск начал тестировать платный доступ к X для новых пользователей в Новой Зеландии и Филиппинах.</p>
<p style="text-align: justify;">Чтобы постить твиты, придется заплатить за подписку $1 в год. <strong>Уже зарегистрированных пользователей это не затронет.</strong> Нововведение объясняют борьбой со спамом и ботами.</p>',0,2);
INSERT INTO "news_post" VALUES(24,'N','2023-10-21 21:09:43.902842','Новость 7. Автор 1. 3D моделлеры больше не нужны?!','<p style="text-align: justify;">Вышла платформа <strong>Masterpiece X</strong>, которая позволяет <strong>генерировать 3D-модели</strong> вместе с текстурам и анимацией <strong>по текстовому запросу</strong>.</p>
<p style="text-align: justify;">Дальше готовый объект можно импортировать в Blender, Unreal Engine, Unity и другие движки. </p>
<p style="text-align: justify;">Имеется бесплатный период.</p>',0,1);
INSERT INTO "news_post" VALUES(25,'A','2023-10-21 21:13:17.015577','Статья 3. Автор 2. Улучшить портфолио за пару минут? 👍','<p style="text-align: justify;"><strong>Ловите лайфхак.</strong></p>
<p style="text-align: justify;"><a title="Rotato" href="https://rotato.app/" target="_blank" rel="noopener">Rotato.app</a> - сервис, где можно сделать кастомные анимированные 3Д мокапы под любой проект, отредактировать цвет, расположение, угол поворота, выставить освещение и всё это бесплатно! Сервис, который превратит скучный дизайн в дорогой с классными анимациями. Можно вставить в портфолио или в дизайн.</p>
<p style="text-align: justify;"><strong>Как пользоваться?</strong></p>
<p style="text-align: justify;">1. Заходите в браузере на сайт rotato.app<br />2. Скачиваете к себе на устройство<br />3. Редактируете цвет, расположение и всё, что вам нужно. Добавляете анимацию <br />4. Экспортируете либо как изображение, либо как видео. <br />5. Кайфуете, потому что теперь вы сможете делать проекты более дорогими с такими классными анимированными мокапыми и не тратить время на их создание вручную.</p>',0,2);
INSERT INTO "news_post" VALUES(26,'A','2023-10-21 21:16:45.231190','Статья 4. Автор 1. UI Element','<p style="text-align: justify;"><strong>Элементы пользовательского интерфейса (UI)</strong> - это все различные части интерфейса, которые нам нужны для запуска определенных действий или обхода приложения или веб-сайта. Подумайте о кнопках, полях ввода, переключателях и переключателя.</p>',0,1);
INSERT INTO "news_post" VALUES(27,'A','2023-10-21 21:18:29.058942','Статья 5. Автор 1. Панель вкладок','<p style="text-align: justify;"><strong>Панель вкладок</strong> от англ. "Tab bar" - в различных приложениях устройства она отображается в нижней части экрана приложения и дает возможность быстро переключаться между различными разделами приложения.</p>',0,1);
CREATE UNIQUE INDEX "auth_group_permissions_group_id_permission_id_0cd325b0_uniq" ON "auth_group_permissions" ("group_id", "permission_id");
CREATE INDEX IF NOT EXISTS "auth_group_permissions_group_id_b120cbf9" ON "auth_group_permissions" ("group_id");
CREATE INDEX IF NOT EXISTS "auth_group_permissions_permission_id_84c5c92e" ON "auth_group_permissions" ("permission_id");
CREATE UNIQUE INDEX "auth_user_groups_user_id_group_id_94350c0c_uniq" ON "auth_user_groups" ("user_id", "group_id");
CREATE INDEX IF NOT EXISTS "auth_user_groups_user_id_6a12ed8b" ON "auth_user_groups" ("user_id");
CREATE INDEX IF NOT EXISTS "auth_user_groups_group_id_97559544" ON "auth_user_groups" ("group_id");
CREATE UNIQUE INDEX "auth_user_user_permissions_user_id_permission_id_14a6b632_uniq" ON "auth_user_user_permissions" ("user_id", "permission_id");
CREATE INDEX IF NOT EXISTS "auth_user_user_permissions_user_id_a95ead1b" ON "auth_user_user_permissions" ("user_id");
CREATE INDEX IF NOT EXISTS "auth_user_user_permissions_permission_id_1fbb5f2c" ON "auth_user_user_permissions" ("permission_id");
CREATE INDEX IF NOT EXISTS "django_admin_log_content_type_id_c4bce8eb" ON "django_admin_log" ("content_type_id");
CREATE INDEX IF NOT EXISTS "django_admin_log_user_id_c564eba6" ON "django_admin_log" ("user_id");
CREATE UNIQUE INDEX "django_content_type_app_label_model_76bd3d3b_uniq" ON "django_content_type" ("app_label", "model");
CREATE UNIQUE INDEX "auth_permission_content_type_id_codename_01ab375a_uniq" ON "auth_permission" ("content_type_id", "codename");
CREATE INDEX IF NOT EXISTS "auth_permission_content_type_id_2f476e4b" ON "auth_permission" ("content_type_id");
CREATE INDEX IF NOT EXISTS "news_postcategory_fromCategory_id_abb9ca00" ON "news_postcategory" ("fromCategory_id");
CREATE INDEX IF NOT EXISTS "news_postcategory_fromPost_id_f1c38b44" ON "news_postcategory" ("fromPost_id");
CREATE INDEX IF NOT EXISTS "news_post_postAuthor_id_6a5dd7ff" ON "news_post" ("postAuthor_id");
CREATE INDEX IF NOT EXISTS "django_session_expire_date_a5c62663" ON "django_session" ("expire_date");
CREATE INDEX IF NOT EXISTS "news_comment_commentForPost_id_cab419c4" ON "news_comment" ("commentForPost_id");
CREATE INDEX IF NOT EXISTS "news_comment_commentUser_id_2d5f39b8" ON "news_comment" ("commentUser_id");
CREATE INDEX IF NOT EXISTS "django_flatpage_url_41612362" ON "django_flatpage" ("url");
CREATE UNIQUE INDEX "django_flatpage_sites_flatpage_id_site_id_0d29d9d1_uniq" ON "django_flatpage_sites" ("flatpage_id", "site_id");
CREATE INDEX IF NOT EXISTS "django_flatpage_sites_flatpage_id_078bbc8b" ON "django_flatpage_sites" ("flatpage_id");
CREATE INDEX IF NOT EXISTS "django_flatpage_sites_site_id_bfd8ea84" ON "django_flatpage_sites" ("site_id");
CREATE INDEX IF NOT EXISTS "account_emailconfirmation_email_address_id_5b7f8c58" ON "account_emailconfirmation" ("email_address_id");
CREATE UNIQUE INDEX "account_emailaddress_user_id_email_987c8728_uniq" ON "account_emailaddress" ("user_id", "email");
CREATE UNIQUE INDEX "unique_verified_email" ON "account_emailaddress" ("email") WHERE "verified";
CREATE INDEX IF NOT EXISTS "account_emailaddress_user_id_2c513194" ON "account_emailaddress" ("user_id");
CREATE INDEX IF NOT EXISTS "account_emailaddress_upper" ON "account_emailaddress" ((UPPER("email")));
CREATE UNIQUE INDEX "socialaccount_socialapp_sites_socialapp_id_site_id_71a9a768_uniq" ON "socialaccount_socialapp_sites" ("socialapp_id", "site_id");
CREATE INDEX IF NOT EXISTS "socialaccount_socialapp_sites_socialapp_id_97fb6e7d" ON "socialaccount_socialapp_sites" ("socialapp_id");
CREATE INDEX IF NOT EXISTS "socialaccount_socialapp_sites_site_id_2579dee5" ON "socialaccount_socialapp_sites" ("site_id");
CREATE UNIQUE INDEX "socialaccount_socialaccount_provider_uid_fc810c6e_uniq" ON "socialaccount_socialaccount" ("provider", "uid");
CREATE INDEX IF NOT EXISTS "socialaccount_socialaccount_user_id_8146e70c" ON "socialaccount_socialaccount" ("user_id");
CREATE UNIQUE INDEX "socialaccount_socialtoken_app_id_account_id_fca4e0ac_uniq" ON "socialaccount_socialtoken" ("app_id", "account_id");
CREATE INDEX IF NOT EXISTS "socialaccount_socialtoken_account_id_951f210e" ON "socialaccount_socialtoken" ("account_id");
CREATE INDEX IF NOT EXISTS "socialaccount_socialtoken_app_id_636a42d7" ON "socialaccount_socialtoken" ("app_id");
CREATE TABLE IF NOT EXISTS "news_postcategory" ("id" integer NOT NULL PRIMARY KEY AUTOINCREMENT, "fromCategory_id" bigint NOT NULL REFERENCES "news_category" ("id") DEFERRABLE INITIALLY DEFERRED, "fromPost_id" bigint NOT NULL REFERENCES "news_post" ("id") DEFERRABLE INITIALLY DEFERRED);
INSERT INTO "news_postcategory" VALUES(1,2,1);
INSERT INTO "news_postcategory" VALUES(2,3,1);
INSERT INTO "news_postcategory" VALUES(3,4,2);
INSERT INTO "news_postcategory" VALUES(4,1,3);
INSERT INTO "news_postcategory" VALUES(5,2,3);
INSERT INTO "news_postcategory" VALUES(6,3,3);
INSERT INTO "news_postcategory" VALUES(15,1,19);
INSERT INTO "news_postcategory" VALUES(16,2,19);
INSERT INTO "news_postcategory" VALUES(17,1,20);
INSERT INTO "news_postcategory" VALUES(18,1,21);
INSERT INTO "news_postcategory" VALUES(19,4,21);
INSERT INTO "news_postcategory" VALUES(20,1,22);
INSERT INTO "news_postcategory" VALUES(21,2,22);
INSERT INTO "news_postcategory" VALUES(22,1,23);
INSERT INTO "news_postcategory" VALUES(23,2,23);
INSERT INTO "news_postcategory" VALUES(24,1,24);
INSERT INTO "news_postcategory" VALUES(25,2,24);
INSERT INTO "news_postcategory" VALUES(26,3,24);
INSERT INTO "news_postcategory" VALUES(27,2,25);
INSERT INTO "news_postcategory" VALUES(28,3,25);
INSERT INTO "news_postcategory" VALUES(29,2,26);
INSERT INTO "news_postcategory" VALUES(30,3,26);
INSERT INTO "news_postcategory" VALUES(31,2,27);
INSERT INTO "news_postcategory" VALUES(32,3,27);
CREATE UNIQUE INDEX "auth_group_permissions_group_id_permission_id_0cd325b0_uniq" ON "auth_group_permissions" ("group_id", "permission_id");
CREATE INDEX IF NOT EXISTS "auth_group_permissions_group_id_b120cbf9" ON "auth_group_permissions" ("group_id");
CREATE INDEX IF NOT EXISTS "auth_group_permissions_permission_id_84c5c92e" ON "auth_group_permissions" ("permission_id");
CREATE UNIQUE INDEX "auth_user_groups_user_id_group_id_94350c0c_uniq" ON "auth_user_groups" ("user_id", "group_id");
CREATE INDEX IF NOT EXISTS "auth_user_groups_user_id_6a12ed8b" ON "auth_user_groups" ("user_id");
CREATE INDEX IF NOT EXISTS "auth_user_groups_group_id_97559544" ON "auth_user_groups" ("group_id");
CREATE UNIQUE INDEX "auth_user_user_permissions_user_id_permission_id_14a6b632_uniq" ON "auth_user_user_permissions" ("user_id", "permission_id");
CREATE INDEX IF NOT EXISTS "auth_user_user_permissions_user_id_a95ead1b" ON "auth_user_user_permissions" ("user_id");
CREATE INDEX IF NOT EXISTS "auth_user_user_permissions_permission_id_1fbb5f2c" ON "auth_user_user_permissions" ("permission_id");
CREATE INDEX IF NOT EXISTS "django_admin_log_content_type_id_c4bce8eb" ON "django_admin_log" ("content_type_id");
CREATE INDEX IF NOT EXISTS "django_admin_log_user_id_c564eba6" ON "django_admin_log" ("user_id");
CREATE UNIQUE INDEX "django_content_type_app_label_model_76bd3d3b_uniq" ON "django_content_type" ("app_label", "model");
CREATE UNIQUE INDEX "auth_permission_content_type_id_codename_01ab375a_uniq" ON "auth_permission" ("content_type_id", "codename");
CREATE INDEX IF NOT EXISTS "auth_permission_content_type_id_2f476e4b" ON "auth_permission" ("content_type_id");
CREATE INDEX IF NOT EXISTS "news_postcategory_fromCategory_id_abb9ca00" ON "news_postcategory" ("fromCategory_id");
CREATE INDEX IF NOT EXISTS "news_postcategory_fromPost_id_f1c38b44" ON "news_postcategory" ("fromPost_id");
CREATE INDEX IF NOT EXISTS "news_post_postAuthor_id_6a5dd7ff" ON "news_post" ("postAuthor_id");
CREATE INDEX IF NOT EXISTS "django_session_expire_date_a5c62663" ON "django_session" ("expire_date");
CREATE INDEX IF NOT EXISTS "news_comment_commentForPost_id_cab419c4" ON "news_comment" ("commentForPost_id");
CREATE INDEX IF NOT EXISTS "news_comment_commentUser_id_2d5f39b8" ON "news_comment" ("commentUser_id");
CREATE INDEX IF NOT EXISTS "django_flatpage_url_41612362" ON "django_flatpage" ("url");
CREATE UNIQUE INDEX "django_flatpage_sites_flatpage_id_site_id_0d29d9d1_uniq" ON "django_flatpage_sites" ("flatpage_id", "site_id");
CREATE INDEX IF NOT EXISTS "django_flatpage_sites_flatpage_id_078bbc8b" ON "django_flatpage_sites" ("flatpage_id");
CREATE INDEX IF NOT EXISTS "django_flatpage_sites_site_id_bfd8ea84" ON "django_flatpage_sites" ("site_id");
CREATE INDEX IF NOT EXISTS "account_emailconfirmation_email_address_id_5b7f8c58" ON "account_emailconfirmation" ("email_address_id");
CREATE UNIQUE INDEX "account_emailaddress_user_id_email_987c8728_uniq" ON "account_emailaddress" ("user_id", "email");
CREATE UNIQUE INDEX "unique_verified_email" ON "account_emailaddress" ("email") WHERE "verified";
CREATE INDEX IF NOT EXISTS "account_emailaddress_user_id_2c513194" ON "account_emailaddress" ("user_id");
CREATE INDEX IF NOT EXISTS "account_emailaddress_upper" ON "account_emailaddress" ((UPPER("email")));
CREATE UNIQUE INDEX "socialaccount_socialapp_sites_socialapp_id_site_id_71a9a768_uniq" ON "socialaccount_socialapp_sites" ("socialapp_id", "site_id");
CREATE INDEX IF NOT EXISTS "socialaccount_socialapp_sites_socialapp_id_97fb6e7d" ON "socialaccount_socialapp_sites" ("socialapp_id");
CREATE INDEX IF NOT EXISTS "socialaccount_socialapp_sites_site_id_2579dee5" ON "socialaccount_socialapp_sites" ("site_id");
CREATE UNIQUE INDEX "socialaccount_socialaccount_provider_uid_fc810c6e_uniq" ON "socialaccount_socialaccount" ("provider", "uid");
CREATE INDEX IF NOT EXISTS "socialaccount_socialaccount_user_id_8146e70c" ON "socialaccount_socialaccount" ("user_id");
CREATE UNIQUE INDEX "socialaccount_socialtoken_app_id_account_id_fca4e0ac_uniq" ON "socialaccount_socialtoken" ("app_id", "account_id");
CREATE INDEX IF NOT EXISTS "socialaccount_socialtoken_account_id_951f210e" ON "socialaccount_socialtoken" ("account_id");
CREATE INDEX IF NOT EXISTS "socialaccount_socialtoken_app_id_636a42d7" ON "socialaccount_socialtoken" ("app_id");
CREATE TABLE IF NOT EXISTS "socialaccount_socialaccount" ("id" integer NOT NULL PRIMARY KEY AUTOINCREMENT, "uid" varchar(191) NOT NULL, "last_login" datetime NOT NULL, "date_joined" datetime NOT NULL, "extra_data" text NOT NULL, "user_id" integer NOT NULL REFERENCES "auth_user" ("id") DEFERRABLE INITIALLY DEFERRED, "provider" varchar(200) NOT NULL);
INSERT INTO "socialaccount_socialaccount" VALUES(1,'106924917479661972077','2023-10-25 03:01:23.629511','2023-10-24 21:39:38.414356','{"iss": "https://accounts.google.com", "azp": "886114036995-tnrdfrof0katfnfgpasuqrc5vr54imlv.apps.googleusercontent.com", "aud": "886114036995-tnrdfrof0katfnfgpasuqrc5vr54imlv.apps.googleusercontent.com", "sub": "106924917479661972077", "email": "victoriavladimirskaya@gmail.com", "email_verified": true, "at_hash": "TmWu1Ne8DIluiLab3e4mtQ", "name": "Victoria Vladimirskaya", "picture": "https://lh3.googleusercontent.com/a/ACg8ocLRzlQlWQeJhZJJIF2XO_qF7DUPVJI-dsn2pHbb-n-M=s96-c", "given_name": "Victoria", "family_name": "Vladimirskaya", "locale": "ru", "iat": 1698202129, "exp": 1698205729}',4,'google');
CREATE UNIQUE INDEX "auth_group_permissions_group_id_permission_id_0cd325b0_uniq" ON "auth_group_permissions" ("group_id", "permission_id");
CREATE INDEX IF NOT EXISTS "auth_group_permissions_group_id_b120cbf9" ON "auth_group_permissions" ("group_id");
CREATE INDEX IF NOT EXISTS "auth_group_permissions_permission_id_84c5c92e" ON "auth_group_permissions" ("permission_id");
CREATE UNIQUE INDEX "auth_user_groups_user_id_group_id_94350c0c_uniq" ON "auth_user_groups" ("user_id", "group_id");
CREATE INDEX IF NOT EXISTS "auth_user_groups_user_id_6a12ed8b" ON "auth_user_groups" ("user_id");
CREATE INDEX IF NOT EXISTS "auth_user_groups_group_id_97559544" ON "auth_user_groups" ("group_id");
CREATE UNIQUE INDEX "auth_user_user_permissions_user_id_permission_id_14a6b632_uniq" ON "auth_user_user_permissions" ("user_id", "permission_id");
CREATE INDEX IF NOT EXISTS "auth_user_user_permissions_user_id_a95ead1b" ON "auth_user_user_permissions" ("user_id");
CREATE INDEX IF NOT EXISTS "auth_user_user_permissions_permission_id_1fbb5f2c" ON "auth_user_user_permissions" ("permission_id");
CREATE INDEX IF NOT EXISTS "django_admin_log_content_type_id_c4bce8eb" ON "django_admin_log" ("content_type_id");
CREATE INDEX IF NOT EXISTS "django_admin_log_user_id_c564eba6" ON "django_admin_log" ("user_id");
CREATE UNIQUE INDEX "django_content_type_app_label_model_76bd3d3b_uniq" ON "django_content_type" ("app_label", "model");
CREATE UNIQUE INDEX "auth_permission_content_type_id_codename_01ab375a_uniq" ON "auth_permission" ("content_type_id", "codename");
CREATE INDEX IF NOT EXISTS "auth_permission_content_type_id_2f476e4b" ON "auth_permission" ("content_type_id");
CREATE INDEX IF NOT EXISTS "news_postcategory_fromCategory_id_abb9ca00" ON "news_postcategory" ("fromCategory_id");
CREATE INDEX IF NOT EXISTS "news_postcategory_fromPost_id_f1c38b44" ON "news_postcategory" ("fromPost_id");
CREATE INDEX IF NOT EXISTS "news_post_postAuthor_id_6a5dd7ff" ON "news_post" ("postAuthor_id");
CREATE INDEX IF NOT EXISTS "django_session_expire_date_a5c62663" ON "django_session" ("expire_date");
CREATE INDEX IF NOT EXISTS "news_comment_commentForPost_id_cab419c4" ON "news_comment" ("commentForPost_id");
CREATE INDEX IF NOT EXISTS "news_comment_commentUser_id_2d5f39b8" ON "news_comment" ("commentUser_id");
CREATE INDEX IF NOT EXISTS "django_flatpage_url_41612362" ON "django_flatpage" ("url");
CREATE UNIQUE INDEX "django_flatpage_sites_flatpage_id_site_id_0d29d9d1_uniq" ON "django_flatpage_sites" ("flatpage_id", "site_id");
CREATE INDEX IF NOT EXISTS "django_flatpage_sites_flatpage_id_078bbc8b" ON "django_flatpage_sites" ("flatpage_id");
CREATE INDEX IF NOT EXISTS "django_flatpage_sites_site_id_bfd8ea84" ON "django_flatpage_sites" ("site_id");
CREATE INDEX IF NOT EXISTS "account_emailconfirmation_email_address_id_5b7f8c58" ON "account_emailconfirmation" ("email_address_id");
CREATE UNIQUE INDEX "account_emailaddress_user_id_email_987c8728_uniq" ON "account_emailaddress" ("user_id", "email");
CREATE UNIQUE INDEX "unique_verified_email" ON "account_emailaddress" ("email") WHERE "verified";
CREATE INDEX IF NOT EXISTS "account_emailaddress_user_id_2c513194" ON "account_emailaddress" ("user_id");
CREATE INDEX IF NOT EXISTS "account_emailaddress_upper" ON "account_emailaddress" ((UPPER("email")));
CREATE UNIQUE INDEX "socialaccount_socialapp_sites_socialapp_id_site_id_71a9a768_uniq" ON "socialaccount_socialapp_sites" ("socialapp_id", "site_id");
CREATE INDEX IF NOT EXISTS "socialaccount_socialapp_sites_socialapp_id_97fb6e7d" ON "socialaccount_socialapp_sites" ("socialapp_id");
CREATE INDEX IF NOT EXISTS "socialaccount_socialapp_sites_site_id_2579dee5" ON "socialaccount_socialapp_sites" ("site_id");
CREATE UNIQUE INDEX "socialaccount_socialaccount_provider_uid_fc810c6e_uniq" ON "socialaccount_socialaccount" ("provider", "uid");
CREATE INDEX IF NOT EXISTS "socialaccount_socialaccount_user_id_8146e70c" ON "socialaccount_socialaccount" ("user_id");
CREATE UNIQUE INDEX "socialaccount_socialtoken_app_id_account_id_fca4e0ac_uniq" ON "socialaccount_socialtoken" ("app_id", "account_id");
CREATE INDEX IF NOT EXISTS "socialaccount_socialtoken_account_id_951f210e" ON "socialaccount_socialtoken" ("account_id");
CREATE INDEX IF NOT EXISTS "socialaccount_socialtoken_app_id_636a42d7" ON "socialaccount_socialtoken" ("app_id");
CREATE TABLE IF NOT EXISTS "socialaccount_socialapp" ("id" integer NOT NULL PRIMARY KEY AUTOINCREMENT, "provider" varchar(30) NOT NULL, "name" varchar(40) NOT NULL, "client_id" varchar(191) NOT NULL, "secret" varchar(191) NOT NULL, "key" varchar(191) NOT NULL, "provider_id" varchar(200) NOT NULL, "settings" text NOT NULL CHECK ((JSON_VALID("settings") OR "settings" IS NULL)));
INSERT INTO "socialaccount_socialapp" VALUES(1,'google','Google','886114036995-tnrdfrof0katfnfgpasuqrc5vr54imlv.apps.googleusercontent.com','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','','','{}');
CREATE UNIQUE INDEX "auth_group_permissions_group_id_permission_id_0cd325b0_uniq" ON "auth_group_permissions" ("group_id", "permission_id");
CREATE INDEX IF NOT EXISTS "auth_group_permissions_group_id_b120cbf9" ON "auth_group_permissions" ("group_id");
CREATE INDEX IF NOT EXISTS "auth_group_permissions_permission_id_84c5c92e" ON "auth_group_permissions" ("permission_id");
CREATE UNIQUE INDEX "auth_user_groups_user_id_group_id_94350c0c_uniq" ON "auth_user_groups" ("user_id", "group_id");
CREATE INDEX IF NOT EXISTS "auth_user_groups_user_id_6a12ed8b" ON "auth_user_groups" ("user_id");
CREATE INDEX IF NOT EXISTS "auth_user_groups_group_id_97559544" ON "auth_user_groups" ("group_id");
CREATE UNIQUE INDEX "auth_user_user_permissions_user_id_permission_id_14a6b632_uniq" ON "auth_user_user_permissions" ("user_id", "permission_id");
CREATE INDEX IF NOT EXISTS "auth_user_user_permissions_user_id_a95ead1b" ON "auth_user_user_permissions" ("user_id");
CREATE INDEX IF NOT EXISTS "auth_user_user_permissions_permission_id_1fbb5f2c" ON "auth_user_user_permissions" ("permission_id");
CREATE INDEX IF NOT EXISTS "django_admin_log_content_type_id_c4bce8eb" ON "django_admin_log" ("content_type_id");
CREATE INDEX IF NOT EXISTS "django_admin_log_user_id_c564eba6" ON "django_admin_log" ("user_id");
CREATE UNIQUE INDEX "django_content_type_app_label_model_76bd3d3b_uniq" ON "django_content_type" ("app_label", "model");
CREATE UNIQUE INDEX "auth_permission_content_type_id_codename_01ab375a_uniq" ON "auth_permission" ("content_type_id", "codename");
CREATE INDEX IF NOT EXISTS "auth_permission_content_type_id_2f476e4b" ON "auth_permission" ("content_type_id");
CREATE INDEX IF NOT EXISTS "news_postcategory_fromCategory_id_abb9ca00" ON "news_postcategory" ("fromCategory_id");
CREATE INDEX IF NOT EXISTS "news_postcategory_fromPost_id_f1c38b44" ON "news_postcategory" ("fromPost_id");
CREATE INDEX IF NOT EXISTS "news_post_postAuthor_id_6a5dd7ff" ON "news_post" ("postAuthor_id");
CREATE INDEX IF NOT EXISTS "django_session_expire_date_a5c62663" ON "django_session" ("expire_date");
CREATE INDEX IF NOT EXISTS "news_comment_commentForPost_id_cab419c4" ON "news_comment" ("commentForPost_id");
CREATE INDEX IF NOT EXISTS "news_comment_commentUser_id_2d5f39b8" ON "news_comment" ("commentUser_id");
CREATE INDEX IF NOT EXISTS "django_flatpage_url_41612362" ON "django_flatpage" ("url");
CREATE UNIQUE INDEX "django_flatpage_sites_flatpage_id_site_id_0d29d9d1_uniq" ON "django_flatpage_sites" ("flatpage_id", "site_id");
CREATE INDEX IF NOT EXISTS "django_flatpage_sites_flatpage_id_078bbc8b" ON "django_flatpage_sites" ("flatpage_id");
CREATE INDEX IF NOT EXISTS "django_flatpage_sites_site_id_bfd8ea84" ON "django_flatpage_sites" ("site_id");
CREATE INDEX IF NOT EXISTS "account_emailconfirmation_email_address_id_5b7f8c58" ON "account_emailconfirmation" ("email_address_id");
CREATE UNIQUE INDEX "account_emailaddress_user_id_email_987c8728_uniq" ON "account_emailaddress" ("user_id", "email");
CREATE UNIQUE INDEX "unique_verified_email" ON "account_emailaddress" ("email") WHERE "verified";
CREATE INDEX IF NOT EXISTS "account_emailaddress_user_id_2c513194" ON "account_emailaddress" ("user_id");
CREATE INDEX IF NOT EXISTS "account_emailaddress_upper" ON "account_emailaddress" ((UPPER("email")));
CREATE UNIQUE INDEX "socialaccount_socialapp_sites_socialapp_id_site_id_71a9a768_uniq" ON "socialaccount_socialapp_sites" ("socialapp_id", "site_id");
CREATE INDEX IF NOT EXISTS "socialaccount_socialapp_sites_socialapp_id_97fb6e7d" ON "socialaccount_socialapp_sites" ("socialapp_id");
CREATE INDEX IF NOT EXISTS "socialaccount_socialapp_sites_site_id_2579dee5" ON "socialaccount_socialapp_sites" ("site_id");
CREATE UNIQUE INDEX "socialaccount_socialaccount_provider_uid_fc810c6e_uniq" ON "socialaccount_socialaccount" ("provider", "uid");
CREATE INDEX IF NOT EXISTS "socialaccount_socialaccount_user_id_8146e70c" ON "socialaccount_socialaccount" ("user_id");
CREATE UNIQUE INDEX "socialaccount_socialtoken_app_id_account_id_fca4e0ac_uniq" ON "socialaccount_socialtoken" ("app_id", "account_id");
CREATE INDEX IF NOT EXISTS "socialaccount_socialtoken_account_id_951f210e" ON "socialaccount_socialtoken" ("account_id");
CREATE INDEX IF NOT EXISTS "socialaccount_socialtoken_app_id_636a42d7" ON "socialaccount_socialtoken" ("app_id");
CREATE TABLE IF NOT EXISTS "socialaccount_socialapp_sites" ("id" integer NOT NULL PRIMARY KEY AUTOINCREMENT, "socialapp_id" integer NOT NULL REFERENCES "socialaccount_socialapp" ("id") DEFERRABLE INITIALLY DEFERRED, "site_id" integer NOT NULL REFERENCES "django_site" ("id") DEFERRABLE INITIALLY DEFERRED);
INSERT INTO "socialaccount_socialapp_sites" VALUES(1,1,1);
CREATE UNIQUE INDEX "auth_group_permissions_group_id_permission_id_0cd325b0_uniq" ON "auth_group_permissions" ("group_id", "permission_id");
CREATE INDEX IF NOT EXISTS "auth_group_permissions_group_id_b120cbf9" ON "auth_group_permissions" ("group_id");
CREATE INDEX IF NOT EXISTS "auth_group_permissions_permission_id_84c5c92e" ON "auth_group_permissions" ("permission_id");
CREATE UNIQUE INDEX "auth_user_groups_user_id_group_id_94350c0c_uniq" ON "auth_user_groups" ("user_id", "group_id");
CREATE INDEX IF NOT EXISTS "auth_user_groups_user_id_6a12ed8b" ON "auth_user_groups" ("user_id");
CREATE INDEX IF NOT EXISTS "auth_user_groups_group_id_97559544" ON "auth_user_groups" ("group_id");
CREATE UNIQUE INDEX "auth_user_user_permissions_user_id_permission_id_14a6b632_uniq" ON "auth_user_user_permissions" ("user_id", "permission_id");
CREATE INDEX IF NOT EXISTS "auth_user_user_permissions_user_id_a95ead1b" ON "auth_user_user_permissions" ("user_id");
CREATE INDEX IF NOT EXISTS "auth_user_user_permissions_permission_id_1fbb5f2c" ON "auth_user_user_permissions" ("permission_id");
CREATE INDEX IF NOT EXISTS "django_admin_log_content_type_id_c4bce8eb" ON "django_admin_log" ("content_type_id");
CREATE INDEX IF NOT EXISTS "django_admin_log_user_id_c564eba6" ON "django_admin_log" ("user_id");
CREATE UNIQUE INDEX "django_content_type_app_label_model_76bd3d3b_uniq" ON "django_content_type" ("app_label", "model");
CREATE UNIQUE INDEX "auth_permission_content_type_id_codename_01ab375a_uniq" ON "auth_permission" ("content_type_id", "codename");
CREATE INDEX IF NOT EXISTS "auth_permission_content_type_id_2f476e4b" ON "auth_permission" ("content_type_id");
CREATE INDEX IF NOT EXISTS "news_postcategory_fromCategory_id_abb9ca00" ON "news_postcategory" ("fromCategory_id");
CREATE INDEX IF NOT EXISTS "news_postcategory_fromPost_id_f1c38b44" ON "news_postcategory" ("fromPost_id");
CREATE INDEX IF NOT EXISTS "news_post_postAuthor_id_6a5dd7ff" ON "news_post" ("postAuthor_id");
CREATE INDEX IF NOT EXISTS "django_session_expire_date_a5c62663" ON "django_session" ("expire_date");
CREATE INDEX IF NOT EXISTS "news_comment_commentForPost_id_cab419c4" ON "news_comment" ("commentForPost_id");
CREATE INDEX IF NOT EXISTS "news_comment_commentUser_id_2d5f39b8" ON "news_comment" ("commentUser_id");
CREATE INDEX IF NOT EXISTS "django_flatpage_url_41612362" ON "django_flatpage" ("url");
CREATE UNIQUE INDEX "django_flatpage_sites_flatpage_id_site_id_0d29d9d1_uniq" ON "django_flatpage_sites" ("flatpage_id", "site_id");
CREATE INDEX IF NOT EXISTS "django_flatpage_sites_flatpage_id_078bbc8b" ON "django_flatpage_sites" ("flatpage_id");
CREATE INDEX IF NOT EXISTS "django_flatpage_sites_site_id_bfd8ea84" ON "django_flatpage_sites" ("site_id");
CREATE INDEX IF NOT EXISTS "account_emailconfirmation_email_address_id_5b7f8c58" ON "account_emailconfirmation" ("email_address_id");
CREATE UNIQUE INDEX "account_emailaddress_user_id_email_987c8728_uniq" ON "account_emailaddress" ("user_id", "email");
CREATE UNIQUE INDEX "unique_verified_email" ON "account_emailaddress" ("email") WHERE "verified";
CREATE INDEX IF NOT EXISTS "account_emailaddress_user_id_2c513194" ON "account_emailaddress" ("user_id");
CREATE INDEX IF NOT EXISTS "account_emailaddress_upper" ON "account_emailaddress" ((UPPER("email")));
CREATE UNIQUE INDEX "socialaccount_socialapp_sites_socialapp_id_site_id_71a9a768_uniq" ON "socialaccount_socialapp_sites" ("socialapp_id", "site_id");
CREATE INDEX IF NOT EXISTS "socialaccount_socialapp_sites_socialapp_id_97fb6e7d" ON "socialaccount_socialapp_sites" ("socialapp_id");
CREATE INDEX IF NOT EXISTS "socialaccount_socialapp_sites_site_id_2579dee5" ON "socialaccount_socialapp_sites" ("site_id");
CREATE UNIQUE INDEX "socialaccount_socialaccount_provider_uid_fc810c6e_uniq" ON "socialaccount_socialaccount" ("provider", "uid");
CREATE INDEX IF NOT EXISTS "socialaccount_socialaccount_user_id_8146e70c" ON "socialaccount_socialaccount" ("user_id");
CREATE UNIQUE INDEX "socialaccount_socialtoken_app_id_account_id_fca4e0ac_uniq" ON "socialaccount_socialtoken" ("app_id", "account_id");
CREATE INDEX IF NOT EXISTS "socialaccount_socialtoken_account_id_951f210e" ON "socialaccount_socialtoken" ("account_id");
CREATE INDEX IF NOT EXISTS "socialaccount_socialtoken_app_id_636a42d7" ON "socialaccount_socialtoken" ("app_id");
CREATE TABLE IF NOT EXISTS "socialaccount_socialtoken" ("id" integer NOT NULL PRIMARY KEY AUTOINCREMENT, "token" text NOT NULL, "token_secret" text NOT NULL, "expires_at" datetime NULL, "account_id" integer NOT NULL REFERENCES "socialaccount_socialaccount" ("id") DEFERRABLE INITIALLY DEFERRED, "app_id" integer NULL REFERENCES "socialaccount_socialapp" ("id") DEFERRABLE INITIALLY DEFERRED);
CREATE UNIQUE INDEX "auth_group_permissions_group_id_permission_id_0cd325b0_uniq" ON "auth_group_permissions" ("group_id", "permission_id");
CREATE INDEX IF NOT EXISTS "auth_group_permissions_group_id_b120cbf9" ON "auth_group_permissions" ("group_id");
CREATE INDEX IF NOT EXISTS "auth_group_permissions_permission_id_84c5c92e" ON "auth_group_permissions" ("permission_id");
CREATE UNIQUE INDEX "auth_user_groups_user_id_group_id_94350c0c_uniq" ON "auth_user_groups" ("user_id", "group_id");
CREATE INDEX IF NOT EXISTS "auth_user_groups_user_id_6a12ed8b" ON "auth_user_groups" ("user_id");
CREATE INDEX IF NOT EXISTS "auth_user_groups_group_id_97559544" ON "auth_user_groups" ("group_id");
CREATE UNIQUE INDEX "auth_user_user_permissions_user_id_permission_id_14a6b632_uniq" ON "auth_user_user_permissions" ("user_id", "permission_id");
CREATE INDEX IF NOT EXISTS "auth_user_user_permissions_user_id_a95ead1b" ON "auth_user_user_permissions" ("user_id");
CREATE INDEX IF NOT EXISTS "auth_user_user_permissions_permission_id_1fbb5f2c" ON "auth_user_user_permissions" ("permission_id");
CREATE INDEX IF NOT EXISTS "django_admin_log_content_type_id_c4bce8eb" ON "django_admin_log" ("content_type_id");
CREATE INDEX IF NOT EXISTS "django_admin_log_user_id_c564eba6" ON "django_admin_log" ("user_id");
CREATE UNIQUE INDEX "django_content_type_app_label_model_76bd3d3b_uniq" ON "django_content_type" ("app_label", "model");
CREATE UNIQUE INDEX "auth_permission_content_type_id_codename_01ab375a_uniq" ON "auth_permission" ("content_type_id", "codename");
CREATE INDEX IF NOT EXISTS "auth_permission_content_type_id_2f476e4b" ON "auth_permission" ("content_type_id");
CREATE INDEX IF NOT EXISTS "news_postcategory_fromCategory_id_abb9ca00" ON "news_postcategory" ("fromCategory_id");
CREATE INDEX IF NOT EXISTS "news_postcategory_fromPost_id_f1c38b44" ON "news_postcategory" ("fromPost_id");
CREATE INDEX IF NOT EXISTS "news_post_postAuthor_id_6a5dd7ff" ON "news_post" ("postAuthor_id");
CREATE INDEX IF NOT EXISTS "django_session_expire_date_a5c62663" ON "django_session" ("expire_date");
CREATE INDEX IF NOT EXISTS "news_comment_commentForPost_id_cab419c4" ON "news_comment" ("commentForPost_id");
CREATE INDEX IF NOT EXISTS "news_comment_commentUser_id_2d5f39b8" ON "news_comment" ("commentUser_id");
CREATE INDEX IF NOT EXISTS "django_flatpage_url_41612362" ON "django_flatpage" ("url");
CREATE UNIQUE INDEX "django_flatpage_sites_flatpage_id_site_id_0d29d9d1_uniq" ON "django_flatpage_sites" ("flatpage_id", "site_id");
CREATE INDEX IF NOT EXISTS "django_flatpage_sites_flatpage_id_078bbc8b" ON "django_flatpage_sites" ("flatpage_id");
CREATE INDEX IF NOT EXISTS "django_flatpage_sites_site_id_bfd8ea84" ON "django_flatpage_sites" ("site_id");
CREATE INDEX IF NOT EXISTS "account_emailconfirmation_email_address_id_5b7f8c58" ON "account_emailconfirmation" ("email_address_id");
CREATE UNIQUE INDEX "account_emailaddress_user_id_email_987c8728_uniq" ON "account_emailaddress" ("user_id", "email");
CREATE UNIQUE INDEX "unique_verified_email" ON "account_emailaddress" ("email") WHERE "verified";
CREATE INDEX IF NOT EXISTS "account_emailaddress_user_id_2c513194" ON "account_emailaddress" ("user_id");
CREATE INDEX IF NOT EXISTS "account_emailaddress_upper" ON "account_emailaddress" ((UPPER("email")));
CREATE UNIQUE INDEX "socialaccount_socialapp_sites_socialapp_id_site_id_71a9a768_uniq" ON "socialaccount_socialapp_sites" ("socialapp_id", "site_id");
CREATE INDEX IF NOT EXISTS "socialaccount_socialapp_sites_socialapp_id_97fb6e7d" ON "socialaccount_socialapp_sites" ("socialapp_id");
CREATE INDEX IF NOT EXISTS "socialaccount_socialapp_sites_site_id_2579dee5" ON "socialaccount_socialapp_sites" ("site_id");
CREATE UNIQUE INDEX "socialaccount_socialaccount_provider_uid_fc810c6e_uniq" ON "socialaccount_socialaccount" ("provider", "uid");
CREATE INDEX IF NOT EXISTS "socialaccount_socialaccount_user_id_8146e70c" ON "socialaccount_socialaccount" ("user_id");
CREATE UNIQUE INDEX "socialaccount_socialtoken_app_id_account_id_fca4e0ac_uniq" ON "socialaccount_socialtoken" ("app_id", "account_id");
CREATE INDEX IF NOT EXISTS "socialaccount_socialtoken_account_id_951f210e" ON "socialaccount_socialtoken" ("account_id");
CREATE INDEX IF NOT EXISTS "socialaccount_socialtoken_app_id_636a42d7" ON "socialaccount_socialtoken" ("app_id");
